Cluster,Canonical_Slug,Slug,Traffic
/t/elon-musk,/t/elon-musk-en-us,/t/elon-musk-en-us,17525
/t/elon-musk,/t/elon-musk-en-us,/t/elon-musk-en-gb,15
/t/elon-musk,/t/elon-musk-en-us,/t/elon-musk-en-in,0
/t/elon-musk,/t/elon-musk-en-us,/t/elon-musk-en-au,0
/t/elon-musk,/t/elon-musk-en-us,/t/elon-musk-en-ca,0
/t/entertainment,/t/entertainment-11,/t/entertainment-11,13270
/t/entertainment,/t/entertainment-11,/t/entertainment-12,4
/t/entertainment,/t/entertainment-11,/t/entertainment-14,0
/t/entertainment,/t/entertainment-11,/t/entertainment-10,0
/t/entertainment,/t/entertainment-11,/t/entertainment-19,0
/t/entertainment,/t/entertainment-11,/t/entertainment-16,0
/t/entertainment,/t/entertainment-11,/t/entertainment-18,0
/t/entertainment,/t/entertainment-11,/t/entertainment-13,0
/t/entertainment,/t/entertainment-11,/t/entertainment-15,0
/t/entertainment,/t/entertainment-11,/t/entertainment-17,0
/t/send-molly-nobilitt-to-jail,/t/send-molly-nobilitt-to-jail-en-us,/t/send-molly-nobilitt-to-jail-en-us,12421
/t/animal-rights-and-conservation,/t/animal-rights-and-conservation-en-us,/t/animal-rights-and-conservation-en-us,12152
/t/animal-rights-and-conservation,/t/animal-rights-and-conservation-en-us,/t/animal-rights-and-conservation-en-gb,6
/t/animal-rights-and-conservation,/t/animal-rights-and-conservation-en-us,/t/animal-rights-and-conservation-en-ca,3
/t/animal-rights-and-conservation,/t/animal-rights-and-conservation-en-us,/t/animal-rights-and-conservation-en-au,2
/t/animal-rights-and-conservation,/t/animal-rights-and-conservation-en-us,/t/animal-rights-and-conservation-en-in,0
/t/women-s-rights,/t/women-s-rights-en-us,/t/women-s-rights-en-us,10605
/t/women-s-rights,/t/women-s-rights-en-us,/t/women-s-rights-13,12
/t/women-s-rights,/t/women-s-rights-en-us,/t/women-s-rights-11,7
/t/women-s-rights,/t/women-s-rights-en-us,/t/women-s-rights-8,7
/t/women-s-rights,/t/women-s-rights-en-us,/t/women-s-rights-12,3
/t/women-s-rights,/t/women-s-rights-en-us,/t/women-s-rights-10,0
/t/women-s-rights,/t/women-s-rights-en-us,/t/women-s-rights-7,0
/t/women-s-rights,/t/women-s-rights-en-us,/t/women-s-rights-14,0
/t/women-s-rights,/t/women-s-rights-en-us,/t/women-s-rights-15,0
/t/congressional-integrity,/t/congressional-integrity-en-us,/t/congressional-integrity-en-us,8022
/t/abortion-access,/t/abortion-access-en-us,/t/abortion-access-en-us,6111
/t/free-speech,/t/free-speech-en-us,/t/free-speech-en-us,5601
/t/free-speech,/t/free-speech-en-us,/t/free-speech-en-ca,0
/t/free-speech,/t/free-speech-en-us,/t/free-speech-en-in,0
/t/free-speech,/t/free-speech-en-us,/t/free-speech-4,0
/t/free-speech,/t/free-speech-en-us,/t/free-speech-3,0
/t/gavin-newsom,/t/gavin-newsom-en-us,/t/gavin-newsom-en-us,4651
/t/gavin-newsom,/t/gavin-newsom-en-us,/t/gavin-newsom-en-au,0
/t/gavin-newsom,/t/gavin-newsom-en-us,/t/gavin-newsom-en-gb,0
/t/aubreigh-wyatt,/t/aubreigh-wyatt-en-us,/t/aubreigh-wyatt-en-us,4243
/t/v2k,/t/v2k-en-us,/t/v2k-en-us,3572
/t/criminal-justice-en-US,/t/criminal-justice-en-US,/t/criminal-justice-en-US,3265
/t/human-rights-iran,/t/human-rights-iran-en-us,/t/human-rights-iran-en-us,2697
/t/human-rights-iran,/t/human-rights-iran-en-us,/t/human-rights-iran-en-ca,0
/t/human-rights-iran,/t/human-rights-iran-en-us,/t/human-rights-iran-en-gb,0
/t/government-and-politics,/t/government-and-politics-en-us,/t/government-and-politics-en-us,2300
/t/government-and-politics,/t/government-and-politics-en-us,/t/government-and-politics-en-gb,35
/t/government-and-politics,/t/government-and-politics-en-us,/t/government-and-politics-en-ca,7
/t/government-and-politics,/t/government-and-politics-en-us,/t/government-and-politics-en-in,6
/t/government-and-politics,/t/government-and-politics-en-us,/t/government-and-politics-en-au,0
/t/plexile-arcade,/t/plexile-arcade-en-us,/t/plexile-arcade-en-us,2089
/t/boycott-trump-products,/t/boycott-trump-products-en-us,/t/boycott-trump-products-en-us,2073
/t/therian-schools,/t/therian-schools-en-us,/t/therian-schools-en-us,2026
/t/environment,/t/environment-12,/t/environment-12,1911
/t/environment,/t/environment-12,/t/environment-18,11
/t/environment,/t/environment-12,/t/environment-en-au,7
/t/environment,/t/environment-12,/t/environment-en-gb,7
/t/environment,/t/environment-12,/t/environment-en-ca,2
/t/environment,/t/environment-12,/t/environment-11,0
/t/environment,/t/environment-12,/t/environment-32,0
/t/environment,/t/environment-12,/t/environment-23,0
/t/environment,/t/environment-12,/t/environment-19,0
/t/environment,/t/environment-12,/t/environment-20,0
/t/environment,/t/environment-12,/t/environment-21,0
/t/environment,/t/environment-12,/t/environment-26,0
/t/environment,/t/environment-12,/t/environment-14,0
/t/environment,/t/environment-12,/t/environment-30,0
/t/environment,/t/environment-12,/t/environment-16,0
/t/environment,/t/environment-12,/t/environment-22,0
/t/environment,/t/environment-12,/t/environment-33,0
/t/environment,/t/environment-12,/t/environment-25,0
/t/environment,/t/environment-12,/t/environment-28,0
/t/environment,/t/environment-12,/t/environment-24,0
/t/environment,/t/environment-12,/t/environment-29,0
/t/environment,/t/environment-12,/t/environment-31,0
/t/environment,/t/environment-12,/t/environment-27,0
/t/twitter,/t/twitter-en-us,/t/twitter-en-us,1875
/t/twitter,/t/twitter-en-us,/t/twitter-en-au,2
/t/twitter,/t/twitter-en-us,/t/twitter-en-ca,0
/t/twitter,/t/twitter-en-us,/t/twitter-6,0
/t/twitter,/t/twitter-en-us,/t/twitter-7,0
/t/twitter,/t/twitter-en-us,/t/twitter-9,0
/t/twitter,/t/twitter-en-us,/t/twitter-en-in,0
/t/twitter,/t/twitter-en-us,/t/twitter-5,0
/t/justice-for-aubreigh-wyatt,/t/justice-for-aubreigh-wyatt-en-us,/t/justice-for-aubreigh-wyatt-en-us,1840
/t/celebrities,/t/celebrities,/t/celebrities,1812
/t/celebrities,/t/celebrities,/t/celebrities-en-au,3
/t/celebrities,/t/celebrities,/t/celebrities-en-ca,0
/t/celebrities,/t/celebrities,/t/celebrities-en-gb,0
/t/celebrities,/t/celebrities,/t/celebrities-2,0
/t/washington-redskins,/t/washington-redskins-en-us,/t/washington-redskins-en-us,1798
/t/chuck-schumer,/t/chuck-schumer,/t/chuck-schumer,1735
/t/luigi-mangione,/t/luigi-mangione-en-us,/t/luigi-mangione-en-us,1691
/t/jake-paul,/t/jake-paul-en-us,/t/jake-paul-en-us,1578
/t/jake-paul,/t/jake-paul-en-us,/t/jake-paul-en-ca,0
/t/jake-paul,/t/jake-paul-en-us,/t/jake-paul-en-gb,0
/t/jake-paul,/t/jake-paul-en-us,/t/jake-paul-en-au,0
/t/iranian-revolution,/t/iranian-revolution-en-us,/t/iranian-revolution-en-us,1577
/t/abortion-is-murder,/t/abortion-is-murder-en-us,/t/abortion-is-murder-en-us,1576
/t/tory-lanez,/t/tory-lanez-en-us,/t/tory-lanez-en-us,1558
/t/tory-lanez,/t/tory-lanez-en-us,/t/tory-lanez-en-ca,3
/t/black-lives-matter,/t/black-lives-matter-en-us,/t/black-lives-matter-en-us,1401
/t/black-lives-matter,/t/black-lives-matter-en-us,/t/black-lives-matter-en-gb,0
/t/black-lives-matter,/t/black-lives-matter-en-us,/t/black-lives-matter-en-au,0
/t/black-lives-matter,/t/black-lives-matter-en-us,/t/black-lives-matter-en-in,0
/t/black-lives-matter,/t/black-lives-matter-en-us,/t/black-lives-matter-en-ca,0
/t/music,/t/music-4,/t/music-4,1386
/t/music,/t/music-4,/t/music-5,9
/t/music,/t/music-4,/t/music-en-au,2
/t/music,/t/music-4,/t/music-7,0
/t/music,/t/music-4,/t/music-6,0
/t/heather-wyatt,/t/heather-wyatt-en-us,/t/heather-wyatt-en-us,1379
/t/heather-wyatt,/t/heather-wyatt-en-us,/t/heather-wyatt-en-gb,233
/t/heather-wyatt,/t/heather-wyatt-en-us,/t/heather-wyatt-en-ca,0
/t/anon-ib,/t/anon-ib-en-us,/t/anon-ib-en-us,1329
/t/remote-neural-monitoring,/t/remote-neural-monitoring-en-us,/t/remote-neural-monitoring-en-us,1328
/t/remote-neural-monitoring,/t/remote-neural-monitoring-en-us,/t/remote-neural-monitoring-en-in,0
/t/recount,/t/recount-en-us,/t/recount-en-us,1303
/t/recount,/t/recount-en-us,/t/recount-en-ca,0
/t/genshin-impact,/t/genshin-impact-en-us,/t/genshin-impact-en-us,1297
/t/genshin-impact,/t/genshin-impact-en-us,/t/genshin-impact-en-ca,17
/t/genshin-impact,/t/genshin-impact-en-us,/t/genshin-impact-en-au,0
/t/genshin-impact,/t/genshin-impact-en-us,/t/genshin-impact-en-gb,0
/t/eversource,/t/eversource-en-us,/t/eversource-en-us,1295
/t/orion-simprini,/t/orion-simprini-en-us,/t/orion-simprini-en-us,1258
/t/entertainment-media,/t/entertainment-media-en-us,/t/entertainment-media-en-us,1254
/t/entertainment-media,/t/entertainment-media-en-us,/t/entertainment-media-en-gb,11
/t/entertainment-media,/t/entertainment-media-en-us,/t/entertainment-media-en-au,10
/t/entertainment-media,/t/entertainment-media-en-us,/t/entertainment-media-en-ca,5
/t/entertainment-media,/t/entertainment-media-en-us,/t/entertainment-media-en-in,0
/t/tv-and-movies,/t/tv-and-movies,/t/tv-and-movies,1211
/t/tv-and-movies,/t/tv-and-movies,/t/tv-and-movies-en-gb,5
/t/tv-and-movies,/t/tv-and-movies,/t/tv-and-movies-en-au,3
/t/tv-and-movies,/t/tv-and-movies,/t/tv-and-movies-2,0
/t/tv-and-movies,/t/tv-and-movies,/t/tv-and-movies-en-in,0
/t/economic-justice,/t/economic-justice-10,/t/economic-justice-10,1209
/t/economic-justice,/t/economic-justice-10,/t/economic-justice-en-au,4
/t/economic-justice,/t/economic-justice-10,/t/economic-justice-en-ca,4
/t/economic-justice,/t/economic-justice-10,/t/economic-justice-en-gb,3
/t/economic-justice,/t/economic-justice-10,/t/economic-justice-32,0
/t/economic-justice,/t/economic-justice-10,/t/economic-justice-20,0
/t/economic-justice,/t/economic-justice-10,/t/economic-justice-14,0
/t/economic-justice,/t/economic-justice-10,/t/economic-justice-24,0
/t/economic-justice,/t/economic-justice-10,/t/economic-justice-12,0
/t/economic-justice,/t/economic-justice-10,/t/economic-justice-26,0
/t/economic-justice,/t/economic-justice-10,/t/economic-justice-21,0
/t/economic-justice,/t/economic-justice-10,/t/economic-justice-31,0
/t/economic-justice,/t/economic-justice-10,/t/economic-justice-15,0
/t/economic-justice,/t/economic-justice-10,/t/economic-justice-22,0
/t/economic-justice,/t/economic-justice-10,/t/economic-justice-17,0
/t/economic-justice,/t/economic-justice-10,/t/economic-justice-30,0
/t/economic-justice,/t/economic-justice-10,/t/economic-justice-28,0
/t/economic-justice,/t/economic-justice-10,/t/economic-justice-16,0
/t/economic-justice,/t/economic-justice-10,/t/economic-justice-27,0
/t/economic-justice,/t/economic-justice-10,/t/economic-justice-29,0
/t/economic-justice,/t/economic-justice-10,/t/economic-justice-19,0
/t/economic-justice,/t/economic-justice-10,/t/economic-justice-en-in,0
/t/economic-justice,/t/economic-justice-10,/t/economic-justice-25,0
/t/hjr-192-of-1933,/t/hjr-192-of-1933-en-us,/t/hjr-192-of-1933-en-us,1191
/t/gender-equality,/t/gender-equality-en-us,/t/gender-equality-en-us,1170
/t/gender-equality,/t/gender-equality-en-us,/t/gender-equality-en-in,0
/t/gender-equality,/t/gender-equality-en-us,/t/gender-equality-3,0
/t/gender-equality,/t/gender-equality-en-us,/t/gender-equality-4,0
/t/gender-equality,/t/gender-equality-en-us,/t/gender-equality-2,0
/t/gender-equality,/t/gender-equality-en-us,/t/gender-equality-en-au,0
/t/chemtrails,/t/chemtrails-en-us,/t/chemtrails-en-us,1094
/t/chemtrails,/t/chemtrails-en-us,/t/chemtrails-en-gb,0
/t/chemtrails,/t/chemtrails-en-us,/t/chemtrails-en-ca,0
/t/chemtrails,/t/chemtrails-en-us,/t/chemtrails-en-au,0
/t/donald-trump,/t/donald-trump-en-us,/t/donald-trump-en-us,1058
/t/donald-trump,/t/donald-trump-en-us,/t/donald-trump-en-gb,0
/t/donald-trump,/t/donald-trump-en-us,/t/donald-trump-en-in,0
/t/donald-trump,/t/donald-trump-en-us,/t/donald-trump,0
/t/donald-trump,/t/donald-trump-en-us,/t/donald-trump-en-au,0
/t/donald-trump,/t/donald-trump-en-us,/t/donald-trump-en-ca,0
/t/education-reform,/t/education-reform-en-us,/t/education-reform-en-us,1033
/t/education-reform,/t/education-reform-en-us,/t/education-reform-en-ca,0
/t/education-reform,/t/education-reform-en-us,/t/education-reform-en-gb,0
/t/education-reform,/t/education-reform-en-us,/t/education-reform-en-in,0
/t/education-reform,/t/education-reform-en-us,/t/education-reform-en-au,0
/t/biden-step-down,/t/biden-step-down-en-us,/t/biden-step-down-en-us,1027
/t/sedona,/t/sedona-en-us,/t/sedona-en-us,957
/t/firma-es,/t/firma-es-419,/t/firma-es-419,943
/t/firma-es,/t/firma-es-419,/t/firma-es,0
/t/2024-election,/t/2024-election-en-us,/t/2024-election-en-us,927
/t/2024-election,/t/2024-election-en-us,/t/2024-election-en-ca,0
/t/2024-election,/t/2024-election-en-us,/t/2024-election-en-gb,0
/t/the-owl-house,/t/the-owl-house-en-us,/t/the-owl-house-en-us,920
/t/the-owl-house,/t/the-owl-house-en-us,/t/the-owl-house-en-gb,0
/t/the-owl-house,/t/the-owl-house-en-us,/t/the-owl-house-en-au,0
/t/the-owl-house,/t/the-owl-house-en-us,/t/the-owl-house-en-ca,0
/t/animal-rights,/t/animal-rights-en-us,/t/animal-rights-en-us,865
/t/animal-rights,/t/animal-rights-en-us,/t/animal-rights-11,124
/t/animal-rights,/t/animal-rights-en-us,/t/animal-rights-7,4
/t/animal-rights,/t/animal-rights-en-us,/t/animal-rights-9,3
/t/animal-rights,/t/animal-rights-en-us,/t/animal-rights-13,0
/t/animal-rights,/t/animal-rights-en-us,/t/animal-rights-5,0
/t/animal-rights,/t/animal-rights-en-us,/t/animal-rights-12,0
/t/animal-rights,/t/animal-rights-en-us,/t/animal-rights-8,0
/t/therian-school,/t/therian-school-en-us,/t/therian-school-en-us,844
/t/youth-empowerment,/t/youth-empowerment-en-us,/t/youth-empowerment-en-us,794
/t/youth-empowerment,/t/youth-empowerment-en-us,/t/youth-empowerment-en-gb,0
/t/youth-empowerment,/t/youth-empowerment-en-us,/t/youth-empowerment-en-au,0
/t/youth-empowerment,/t/youth-empowerment-en-us,/t/youth-empowerment-en-ca,0
/t/youth-empowerment,/t/youth-empowerment-en-us,/t/youth-empowerment-en-in,0
/t/californiapenalsystem,/t/californiapenalsystem-en-us,/t/californiapenalsystem-en-us,791
/t/anonib,/t/anonib-en-us,/t/anonib-en-us,789
/t/palestine,/t/palestine-3,/t/palestine-3,787
/t/palestine,/t/palestine-3,/t/palestine-en-gb,51
/t/palestine,/t/palestine-3,/t/palestine-en-au,0
/t/palestine,/t/palestine-3,/t/palestine-en-in,0
/t/palestine,/t/palestine-3,/t/palestine-en-ca,0
/t/health,/t/health-en-us,/t/health-en-us,766
/t/health,/t/health-en-us,/t/health-9,13
/t/health,/t/health-en-us,/t/health-15,3
/t/health,/t/health-en-us,/t/health-11,0
/t/health,/t/health-en-us,/t/health-14,0
/t/health,/t/health-en-us,/t/health-18,0
/t/health,/t/health-en-us,/t/health-17,0
/t/health,/t/health-en-us,/t/health-10,0
/t/health,/t/health-en-us,/t/health-16,0
/t/health,/t/health-en-us,/t/health-13,0
/t/sunny-hostin,/t/sunny-hostin-en-us,/t/sunny-hostin-en-us,727
/t/russian-propaganda,/t/russian-propaganda-en-ca,/t/russian-propaganda-en-ca,721
/t/russian-propaganda,/t/russian-propaganda-en-ca,/t/russian-propaganda-en-us,0
/t/russian-propaganda,/t/russian-propaganda-en-ca,/t/russian-propaganda-en-gb,0
/t/joke-petition,/t/joke-petition-en-us,/t/joke-petition-en-us,716
/t/joke-petition,/t/joke-petition-en-us,/t/joke-petition-en-gb,0
/t/joke-petition,/t/joke-petition-en-us,/t/joke-petition-en-ca,0
/t/joke-petition,/t/joke-petition-en-us,/t/joke-petition-en-au,0
/t/justice-for-george-floyd,/t/justice-for-george-floyd-en-us,/t/justice-for-george-floyd-en-us,708
/t/justice-for-george-floyd,/t/justice-for-george-floyd-en-us,/t/justice-for-george-floyd-en-gb,0
/t/justice-for-george-floyd,/t/justice-for-george-floyd-en-us,/t/justice-for-george-floyd-en-au,0
/t/free-luigi,/t/free-luigi-en-us,/t/free-luigi-en-us,682
/t/racial-justice,/t/racial-justice-4,/t/racial-justice-4,675
/t/racial-justice,/t/racial-justice-4,/t/racial-justice-5,9
/t/racial-justice,/t/racial-justice-4,/t/racial-justice-en-gb,3
/t/racial-justice,/t/racial-justice-4,/t/racial-justice-en-au,0
/t/racial-justice,/t/racial-justice-4,/t/racial-justice-3,0
/t/tiktok-ban,/t/tiktok-ban-en-us,/t/tiktok-ban-en-us,671
/t/tiktok-ban,/t/tiktok-ban-en-us,/t/tiktok-ban-en-gb,4
/t/child-and-family-well-being,/t/child-and-family-well-being-en-us,/t/child-and-family-well-being-en-us,640
/t/child-and-family-well-being,/t/child-and-family-well-being-en-us,/t/child-and-family-well-being-en-gb,9
/t/child-and-family-well-being,/t/child-and-family-well-being-en-us,/t/child-and-family-well-being-en-in,8
/t/child-and-family-well-being,/t/child-and-family-well-being-en-us,/t/child-and-family-well-being-en-au,4
/t/child-and-family-well-being,/t/child-and-family-well-being-en-us,/t/child-and-family-well-being-en-ca,3
/t/abortion-rights,/t/abortion-rights,/t/abortion-rights,636
/t/abortion-rights,/t/abortion-rights,/t/abortion-rights-en-au,0
/t/abortion-rights,/t/abortion-rights,/t/abortion-rights-en-in,0
/t/abortion-rights,/t/abortion-rights,/t/abortion-rights-en-gb,0
/t/abortion-rights,/t/abortion-rights,/t/abortion-rights-en-ca,0
/t/local-government,/t/local-government-en-us,/t/local-government-en-us,625
/t/local-government,/t/local-government-en-us,/t/local-government-en-gb,6
/t/local-government,/t/local-government-en-us,/t/local-government-en-au,4
/t/local-government,/t/local-government-en-us,/t/local-government-en-in,0
/t/local-government,/t/local-government-en-us,/t/local-government-en-ca,0
/t/electoral-college,/t/electoral-college-en-us,/t/electoral-college-en-us,619
/t/electoral-college,/t/electoral-college-en-us,/t/electoral-college-en-au,0
/t/electoral-college,/t/electoral-college-en-us,/t/electoral-college-en-gb,0
/t/public-safety,/t/public-safety-2,/t/public-safety-2,596
/t/public-safety,/t/public-safety-2,/t/public-safety-en-gb,5
/t/public-safety,/t/public-safety-2,/t/public-safety-en-ca,3
/t/public-safety,/t/public-safety-2,/t/public-safety-3,0
/t/public-safety,/t/public-safety-2,/t/public-safety-4,0
/t/public-safety,/t/public-safety-2,/t/public-safety-en-au,0
/t/public-safety,/t/public-safety-2,/t/public-safety-en-in,0
/t/arcane,/t/arcane-en-us,/t/arcane-en-us,596
/t/arcane,/t/arcane-en-us,/t/arcane-en-au,0
/t/arcane,/t/arcane-en-us,/t/arcane-en-gb,0
/t/bengals,/t/bengals-en-us,/t/bengals-en-us,594
/t/biden,/t/biden-en-us,/t/biden-en-us,593
/t/biden,/t/biden-en-us,/t/biden-en-gb,26
/t/biden,/t/biden-en-us,/t/biden-en-au,0
/t/biden,/t/biden-en-us,/t/biden-en-ca,0
/t/m%C3%A9xico-es,/t/m%C3%A9xico-es-419,/t/m%C3%A9xico-es-419,588
/t/yondr-pouches,/t/yondr-pouches-en-us,/t/yondr-pouches-en-us,577
/t/yondr-pouches,/t/yondr-pouches-en-us,/t/yondr-pouches-en-gb,0
/t/yondr-pouches,/t/yondr-pouches-en-us,/t/yondr-pouches-en-au,0
/t/climate-change,/t/climate-change-3,/t/climate-change-3,576
/t/climate-change,/t/climate-change-3,/t/climate-change-2,17
/t/climate-change,/t/climate-change-3,/t/climate-change-en-gb,8
/t/climate-change,/t/climate-change-3,/t/climate-change-5,5
/t/climate-change,/t/climate-change-3,/t/climate-change-en-in,0
/t/climate-change,/t/climate-change-3,/t/climate-change-4,0
/t/climate-change,/t/climate-change-3,/t/climate-change-6,0
/t/cincinnati-bengals,/t/cincinnati-bengals-en-us,/t/cincinnati-bengals-en-us,574
/t/national-government,/t/national-government-en-us,/t/national-government-en-us,562
/t/national-government,/t/national-government-en-us,/t/national-government-en-gb,10
/t/national-government,/t/national-government-en-us,/t/national-government-en-ca,3
/t/national-government,/t/national-government-en-us,/t/national-government-en-au,3
/t/national-government,/t/national-government-en-us,/t/national-government-en-in,0
/t/elections-voter-rights,/t/elections-voter-rights-en-us,/t/elections-voter-rights-en-us,562
/t/elections-voter-rights,/t/elections-voter-rights-en-us,/t/elections-voter-rights-en-in,0
/t/elections-voter-rights,/t/elections-voter-rights-en-us,/t/elections-voter-rights-en-au,0
/t/elections-voter-rights,/t/elections-voter-rights-en-us,/t/elections-voter-rights-en-ca,0
/t/elections-voter-rights,/t/elections-voter-rights-en-us,/t/elections-voter-rights-en-gb,0
/t/fire-neal-brown,/t/fire-neal-brown-en-us,/t/fire-neal-brown-en-us,558
/t/funny,/t/funny-en-us,/t/funny-en-us,538
/t/funny,/t/funny-en-us,/t/funny-en-au,3
/t/funny,/t/funny-en-us,/t/funny-en-gb,0
/t/funny,/t/funny-en-us,/t/funny-en-in,0
/t/funny,/t/funny-en-us,/t/funny-en-ca,0
/t/tiktok,/t/tiktok-en-us,/t/tiktok-en-us,531
/t/tiktok,/t/tiktok-en-us,/t/tiktok-en-ca,21
/t/tiktok,/t/tiktok-en-us,/t/tiktok-en-gb,14
/t/tiktok,/t/tiktok-en-us,/t/tiktok-en-au,0
/t/tiktok,/t/tiktok-en-us,/t/tiktok-en-in,0
/t/sexual-assault,/t/sexual-assault-2,/t/sexual-assault-2,525
/t/sexual-assault,/t/sexual-assault-2,/t/sexual-assault-en-ca,3
/t/sexual-assault,/t/sexual-assault-2,/t/sexual-assault-5,0
/t/sexual-assault,/t/sexual-assault-2,/t/sexual-assault-6,0
/t/sexual-assault,/t/sexual-assault-2,/t/sexual-assault-4,0
/t/sexual-assault,/t/sexual-assault-2,/t/sexual-assault-7,0
/t/sexual-assault,/t/sexual-assault-2,/t/sexual-assault-en-au,0
/t/sexual-assault,/t/sexual-assault-2,/t/sexual-assault-3,0
/t/disney,/t/disney-en-us,/t/disney-en-us,513
/t/disney,/t/disney-en-us,/t/disney-3,23
/t/disney,/t/disney-en-us,/t/disney-en-au,5
/t/disney,/t/disney-en-us,/t/disney-en-ca,3
/t/disney,/t/disney-en-us,/t/disney-en-in,0
/t/disney,/t/disney-en-us,/t/disney-en-gb,0
/t/disney,/t/disney-en-us,/t/disney-5,0
/t/technology,/t/technology-9,/t/technology-9,492
/t/technology,/t/technology-9,/t/technology-8,14
/t/technology,/t/technology-9,/t/technology-10,7
/t/technology,/t/technology-9,/t/technology-12,0
/t/technology,/t/technology-9,/t/technology-7,0
/t/technology,/t/technology-9,/t/technology-11,0
/t/technology,/t/technology-9,/t/technology-6,0
/t/technology,/t/technology-9,/t/technology-13,0
/t/kelloggs,/t/kelloggs-en-us,/t/kelloggs-en-us,491
/t/kelloggs,/t/kelloggs-en-us,/t/kelloggs-en-gb,0
/t/m%C3%A9xico,/t/m%C3%A9xico-4,/t/m%C3%A9xico-4,486
/t/clemency,/t/clemency,/t/clemency,474
/t/clemency,/t/clemency,/t/clemency-en-gb,7
/t/clemency,/t/clemency,/t/clemency-en-au,0
/t/clemency,/t/clemency,/t/clemency-en-ca,0
/t/clemency,/t/clemency,/t/clemency-2,0
/t/gun-control,/t/gun-control,/t/gun-control,461
/t/gun-control,/t/gun-control,/t/gun-control-en-in,0
/t/gun-control,/t/gun-control,/t/gun-control-en-us,0
/t/gun-control,/t/gun-control,/t/gun-control-en-gb,0
/t/gun-control,/t/gun-control,/t/gun-control-en-ca,0
/t/gun-control,/t/gun-control,/t/gun-control-en-au,0
/t/voice-to-skull,/t/voice-to-skull-en-us,/t/voice-to-skull-en-us,457
/t/veterans,/t/veterans-4,/t/veterans-4,450
/t/veterans,/t/veterans-4,/t/veterans-en-in,0
/t/veterans,/t/veterans-4,/t/veterans-en-gb,0
/t/veterans,/t/veterans-4,/t/veterans-5,0
/t/veterans,/t/veterans-4,/t/veterans-3,0
/t/immigration,/t/immigration-10,/t/immigration-10,442
/t/immigration,/t/immigration-10,/t/immigration-en-au,7
/t/immigration,/t/immigration-10,/t/immigration-12,6
/t/immigration,/t/immigration-10,/t/immigration-11,0
/t/immigration,/t/immigration-10,/t/immigration-14,0
/t/immigration,/t/immigration-10,/t/immigration-13,0
/t/immigration,/t/immigration-10,/t/immigration-6,0
/t/immigration,/t/immigration-10,/t/immigration-8,0
/t/immigration,/t/immigration-10,/t/immigration-9,0
/t/mascots,/t/mascots-en-us,/t/mascots-en-us,434
/t/mascots,/t/mascots-en-us,/t/mascots-en-au,0
/t/mascots,/t/mascots-en-us,/t/mascots-en-ca,0
/t/mascots,/t/mascots-en-us,/t/mascots-en-gb,0
/t/kamala-harris,/t/kamala-harris,/t/kamala-harris,433
/t/kamala-harris,/t/kamala-harris,/t/kamala-harris-en-gb,4
/t/kamala-harris,/t/kamala-harris,/t/kamala-harris-en-au,0
/t/impeach-trump,/t/impeach-trump-en-us,/t/impeach-trump-en-us,432
/t/women,/t/women-6,/t/women-6,426
/t/women,/t/women-6,/t/women-22,25
/t/women,/t/women-6,/t/women-7,6
/t/women,/t/women-6,/t/women-9,3
/t/women,/t/women-6,/t/women-20,0
/t/women,/t/women-6,/t/women-23,0
/t/women,/t/women-6,/t/women-25,0
/t/women,/t/women-6,/t/women-10,0
/t/women,/t/women-6,/t/women-16,0
/t/women,/t/women-6,/t/women-11,0
/t/women,/t/women-6,/t/women-14,0
/t/women,/t/women-6,/t/women-5,0
/t/women,/t/women-6,/t/women-17,0
/t/women,/t/women-6,/t/women-12,0
/t/women,/t/women-6,/t/women-24,0
/t/women,/t/women-6,/t/women-19,0
/t/women,/t/women-6,/t/women-15,0
/t/women,/t/women-6,/t/women-21,0
/t/women,/t/women-6,/t/women-8,0
/t/women,/t/women-6,/t/women-18,0
/t/women,/t/women-6,/t/women-13,0
/t/2nd-amendment,/t/2nd-amendment-en-us,/t/2nd-amendment-en-us,407
/t/police-accountability,/t/police-accountability-en-us,/t/police-accountability-en-us,407
/t/police-accountability,/t/police-accountability-en-us,/t/police-accountability-en-au,0
/t/police-accountability,/t/police-accountability-en-us,/t/police-accountability-en-gb,0
/t/police-accountability,/t/police-accountability-en-us,/t/police-accountability-en-ca,0
/t/justice-for-mustafa-aljazairi,/t/justice-for-mustafa-aljazairi-en-us,/t/justice-for-mustafa-aljazairi-en-us,406
/t/donald-trump-2024,/t/donald-trump-2024-en-us,/t/donald-trump-2024-en-us,386
/t/education,/t/education-en-us,/t/education-en-us,378
/t/education,/t/education-en-us,/t/education-17,9
/t/education,/t/education-en-us,/t/education-12,7
/t/education,/t/education-en-us,/t/education-en-in,3
/t/education,/t/education-en-us,/t/education-26,0
/t/education,/t/education-en-us,/t/education-30,0
/t/education,/t/education-en-us,/t/education-21,0
/t/education,/t/education-en-us,/t/education-27,0
/t/education,/t/education-en-us,/t/education-24,0
/t/education,/t/education-en-us,/t/education-25,0
/t/education,/t/education-en-us,/t/education-18,0
/t/education,/t/education-en-us,/t/education-29,0
/t/education,/t/education-en-us,/t/education-28,0
/t/education,/t/education-en-us,/t/education-16,0
/t/education,/t/education-en-us,/t/education-22,0
/t/education,/t/education-en-us,/t/education-31,0
/t/education,/t/education-en-us,/t/education-32,0
/t/education,/t/education-en-us,/t/education-19,0
/t/education,/t/education-en-us,/t/education-23,0
/t/education,/t/education-en-us,/t/education-14,0
/t/education,/t/education-en-us,/t/education-11,0
/t/syria,/t/syria-en-us,/t/syria-en-us,376
/t/syria,/t/syria-en-us,/t/syria-5,4
/t/syria,/t/syria-en-us,/t/syria-en-in,0
/t/syria,/t/syria-en-us,/t/syria-4,0
/t/syria,/t/syria-en-us,/t/syria-10,0
/t/syria,/t/syria-en-us,/t/syria-9,0
/t/syria,/t/syria-en-us,/t/syria-7,0
/t/syria,/t/syria-en-us,/t/syria-8,0
/t/animal-welfare,/t/animal-welfare-6,/t/animal-welfare-6,373
/t/animal-welfare,/t/animal-welfare-6,/t/animal-welfare-en-gb,10
/t/animal-welfare,/t/animal-welfare-6,/t/animal-welfare-5,5
/t/animal-welfare,/t/animal-welfare-6,/t/animal-welfare-en-in,0
/t/animal-welfare,/t/animal-welfare-6,/t/animal-welfare-en-au,0
/t/animal-welfare,/t/animal-welfare-6,/t/animal-welfare-8,0
/t/oil,/t/oil,/t/oil,370
/t/oil,/t/oil,/t/oil-en-ca,0
/t/oil,/t/oil,/t/oil-2,0
/t/oil,/t/oil,/t/oil-en-gb,0
/t/no-muslim-ban,/t/no-muslim-ban-en-us,/t/no-muslim-ban-en-us,365
/t/no-muslim-ban,/t/no-muslim-ban-en-us,/t/no-muslim-ban-en-in,0
/t/no-muslim-ban,/t/no-muslim-ban-en-us,/t/no-muslim-ban-en-ca,0
/t/no-muslim-ban,/t/no-muslim-ban-en-us,/t/no-muslim-ban-en-gb,0
/t/no-muslim-ban,/t/no-muslim-ban-en-us,/t/no-muslim-ban-en-au,0
/t/transgender-students,/t/transgender-students-en-us,/t/transgender-students-en-us,365
/t/transgender-students,/t/transgender-students-en-us,/t/transgender-students-en-ca,0
/t/children-s-rights,/t/children-s-rights-2,/t/children-s-rights-2,364
/t/children-s-rights,/t/children-s-rights-2,/t/children-s-rights-3,6
/t/children-s-rights,/t/children-s-rights-2,/t/children-s-rights-en-gb,4
/t/children-s-rights,/t/children-s-rights-2,/t/children-s-rights-4,0
/t/children-s-rights,/t/children-s-rights-2,/t/children-s-rights-en-in,0
/t/children-s-rights,/t/children-s-rights-2,/t/children-s-rights-5,0
/t/electronic-harassment,/t/electronic-harassment-en-us,/t/electronic-harassment-en-us,364
/t/electronic-harassment,/t/electronic-harassment-en-us,/t/electronic-harassment-en-gb,5
/t/electronic-harassment,/t/electronic-harassment-en-us,/t/electronic-harassment-en-in,0
/t/electronic-harassment,/t/electronic-harassment-en-us,/t/electronic-harassment-en-ca,0
/t/health-and-well-being,/t/health-and-well-being-en-us,/t/health-and-well-being-en-us,362
/t/health-and-well-being,/t/health-and-well-being-en-us,/t/health-and-well-being-en-ca,5
/t/health-and-well-being,/t/health-and-well-being-en-us,/t/health-and-well-being-en-gb,0
/t/health-and-well-being,/t/health-and-well-being-en-us,/t/health-and-well-being-en-au,0
/t/health-and-well-being,/t/health-and-well-being-en-us,/t/health-and-well-being-en-in,0
/t/recount-votes-from-election,/t/recount-votes-from-election-en-us,/t/recount-votes-from-election-en-us,360
/t/lisa-richards,/t/lisa-richards-en-ca,/t/lisa-richards-en-ca,356
/t/lisa-richards,/t/lisa-richards-en-ca,/t/lisa-richards-en-us,5
/t/changing-the-miraculous-animation-back-to-normal,/t/changing-the-miraculous-animation-back-to-normal-en-us,/t/changing-the-miraculous-animation-back-to-normal-en-us,353
/t/ban-hoodsite,/t/ban-hoodsite-en-us,/t/ban-hoodsite-en-us,353
/t/student-issues,/t/student-issues-en-us,/t/student-issues-en-us,346
/t/student-issues,/t/student-issues-en-us,/t/student-issues-en-ca,4
/t/student-issues,/t/student-issues-en-us,/t/student-issues-en-in,0
/t/student-issues,/t/student-issues-en-us,/t/student-issues-en-gb,0
/t/student-issues,/t/student-issues-en-us,/t/student-issues-en-au,0
/t/joe-biden,/t/joe-biden-en-us,/t/joe-biden-en-us,345
/t/joe-biden,/t/joe-biden-en-us,/t/joe-biden-en-gb,9
/t/joe-biden,/t/joe-biden-en-us,/t/joe-biden-en-au,0
/t/joe-biden,/t/joe-biden-en-us,/t/joe-biden-en-in,0
/t/joe-biden,/t/joe-biden-en-us,/t/joe-biden-en-ca,0
/t/sports,/t/sports-12,/t/sports-12,340
/t/sports,/t/sports-12,/t/sports-20,0
/t/sports,/t/sports-12,/t/sports-19,0
/t/sports,/t/sports-12,/t/sports-10,0
/t/sports,/t/sports-12,/t/sports-22,0
/t/sports,/t/sports-12,/t/sports-16,0
/t/sports,/t/sports-12,/t/sports-15,0
/t/sports,/t/sports-12,/t/sports-21,0
/t/sports,/t/sports-12,/t/sports-17,0
/t/sports,/t/sports-12,/t/sports-14,0
/t/sports,/t/sports-12,/t/sports-11,0
/t/sports,/t/sports-12,/t/sports-13,0
/t/ronnie-mcnutt,/t/ronnie-mcnutt-en-us,/t/ronnie-mcnutt-en-us,337
/t/corruption,/t/corruption-11,/t/corruption-11,327
/t/corruption,/t/corruption-11,/t/corruption-14,16
/t/corruption,/t/corruption-11,/t/corruption-12,3
/t/corruption,/t/corruption-11,/t/corruption-9,3
/t/corruption,/t/corruption-11,/t/corruption-en-au,0
/t/corruption,/t/corruption-11,/t/corruption-7,0
/t/corruption,/t/corruption-11,/t/corruption-13,0
/t/corruption,/t/corruption-11,/t/corruption-10,0
/t/corruption,/t/corruption-11,/t/corruption-8,0
/t/freedom-of-speech,/t/freedom-of-speech-2,/t/freedom-of-speech-2,309
/t/freedom-of-speech,/t/freedom-of-speech-2,/t/freedom-of-speech-en-ca,3
/t/freedom-of-speech,/t/freedom-of-speech-2,/t/freedom-of-speech-en-au,3
/t/freedom-of-speech,/t/freedom-of-speech-2,/t/freedom-of-speech-en-in,0
/t/freedom-of-speech,/t/freedom-of-speech-2,/t/freedom-of-speech,0
/t/congestion-pricing,/t/congestion-pricing-en-us,/t/congestion-pricing-en-us,308
/t/congestion-pricing,/t/congestion-pricing-en-us,/t/congestion-pricing-en-gb,0
/t/jack-doherty,/t/jack-doherty-en-us,/t/jack-doherty-en-us,302
/t/jack-doherty,/t/jack-doherty-en-us,/t/jack-doherty-en-ca,0
/t/animals,/t/animals-13,/t/animals-13,299
/t/animals,/t/animals-13,/t/animals-12,9
/t/animals,/t/animals-13,/t/animals-en-au,9
/t/animals,/t/animals-13,/t/animals-14,5
/t/animals,/t/animals-13,/t/animals-19,3
/t/animals,/t/animals-13,/t/animals-35,0
/t/animals,/t/animals-13,/t/animals-17,0
/t/animals,/t/animals-13,/t/animals-11,0
/t/animals,/t/animals-13,/t/animals-30,0
/t/animals,/t/animals-13,/t/animals-25,0
/t/animals,/t/animals-13,/t/animals-34,0
/t/animals,/t/animals-13,/t/animals-33,0
/t/animals,/t/animals-13,/t/animals-29,0
/t/animals,/t/animals-13,/t/animals-28,0
/t/animals,/t/animals-13,/t/animals-21,0
/t/animals,/t/animals-13,/t/animals-23,0
/t/animals,/t/animals-13,/t/animals-32,0
/t/animals,/t/animals-13,/t/animals-24,0
/t/animals,/t/animals-13,/t/animals-22,0
/t/animals,/t/animals-13,/t/animals-20,0
/t/animals,/t/animals-13,/t/animals-15,0
/t/animals,/t/animals-13,/t/animals-31,0
/t/transgender-rights,/t/transgender-rights-en-us,/t/transgender-rights-en-us,298
/t/transgender-rights,/t/transgender-rights-en-us,/t/transgender-rights-en-au,0
/t/transgender-rights,/t/transgender-rights-en-us,/t/transgender-rights-en-in,0
/t/transgender-rights,/t/transgender-rights-en-us,/t/transgender-rights-en-ca,0
/t/transgender-rights,/t/transgender-rights-en-us,/t/transgender-rights-en-gb,0
/t/right-to-bear-arms,/t/right-to-bear-arms-en-us,/t/right-to-bear-arms-en-us,294
/t/jew-hatred,/t/jew-hatred-en-us,/t/jew-hatred-en-us,290
/t/jew-hatred,/t/jew-hatred-en-us,/t/jew-hatred-en-ca,0
/t/jew-hatred,/t/jew-hatred-en-us,/t/jew-hatred-en-au,0
/t/i-ready,/t/i-ready-en-us,/t/i-ready-en-us,289
/t/remove-trump,/t/remove-trump-en-us,/t/remove-trump-en-us,288
/t/voting,/t/voting-en-us,/t/voting-en-us,286
/t/voting,/t/voting-en-us,/t/voting-en-gb,3
/t/voting,/t/voting-en-us,/t/voting-en-au,0
/t/voting,/t/voting-en-us,/t/voting-en-ca,0
/t/orcas,/t/orcas-en-us,/t/orcas-en-us,285
/t/orcas,/t/orcas-en-us,/t/orcas-en-ca,0
/t/orcas,/t/orcas-en-us,/t/orcas-4,0
/t/orcas,/t/orcas-en-us,/t/orcas-2,0
/t/orcas,/t/orcas-en-us,/t/orcas-3,0
/t/2nd-amendment-rights,/t/2nd-amendment-rights-en-us,/t/2nd-amendment-rights-en-us,284
/t/mental-health,/t/mental-health-4,/t/mental-health-4,284
/t/mental-health,/t/mental-health-4,/t/mental-health-6,27
/t/mental-health,/t/mental-health-4,/t/mental-health-7,5
/t/mental-health,/t/mental-health-4,/t/mental-health-en-gb,0
/t/mental-health,/t/mental-health-4,/t/mental-health-en-in,0
/t/mental-health,/t/mental-health-4,/t/mental-health-en-us,0
/t/mental-health,/t/mental-health-4,/t/mental-health-5,0
/t/politics,/t/politics-9,/t/politics-9,283
/t/politics,/t/politics-9,/t/politics-en-gb,7
/t/politics,/t/politics-9,/t/politics-12,6
/t/politics,/t/politics-9,/t/politics-11,3
/t/politics,/t/politics-9,/t/politics-10,0
/t/politics,/t/politics-9,/t/politics-8,0
/t/politics,/t/politics-9,/t/politics-6,0
/t/biden-step-aside,/t/biden-step-aside-en-us,/t/biden-step-aside-en-us,275
/t/login,/t/login-en-us,/t/login-en-us,273
/t/login,/t/login-en-us,/t/login-en-gb,0
/t/youtube-censorship,/t/youtube-censorship-en-us,/t/youtube-censorship-en-us,266
/t/youtube-censorship,/t/youtube-censorship-en-us,/t/youtube-censorship-en-gb,0
/t/unblock-all-blocked-games,/t/unblock-all-blocked-games-en-us,/t/unblock-all-blocked-games-en-us,254
/t/universal-health-care,/t/universal-health-care-en-us,/t/universal-health-care-en-us,254
/t/universal-health-care,/t/universal-health-care-en-us,/t/universal-health-care-en-gb,0
/t/universal-health-care,/t/universal-health-care-en-us,/t/universal-health-care-en-in,0
/t/the-view,/t/the-view-en-us,/t/the-view-en-us,253
/t/the-view,/t/the-view-en-us,/t/the-view-en-au,0
/t/assassin-s-creed,/t/assassin-s-creed-en-us,/t/assassin-s-creed-en-us,253
/t/assassin-s-creed,/t/assassin-s-creed-en-us,/t/assassin-s-creed-en-gb,0
/t/assassin-s-creed,/t/assassin-s-creed-en-us,/t/assassin-s-creed-en-in,0
/t/justice-4-rose-larner,/t/justice-4-rose-larner-en-us,/t/justice-4-rose-larner-en-us,252
/t/operation-1009,/t/operation-1009-en-us,/t/operation-1009-en-us,251
/t/presidential-mental-health,/t/presidential-mental-health-en-us,/t/presidential-mental-health-en-us,251
/t/impeach-biden,/t/impeach-biden-en-us,/t/impeach-biden-en-us,249
/t/stop-trump,/t/stop-trump-en-us,/t/stop-trump-en-us,249
/t/stop-trump,/t/stop-trump-en-us,/t/stop-trump-en-gb,0
/t/donald-trump-for-prison,/t/donald-trump-for-prison-en-us,/t/donald-trump-for-prison-en-us,249
/t/busch-light-apple,/t/busch-light-apple-en-us,/t/busch-light-apple-en-us,249
/t/death-penalty,/t/death-penalty-3,/t/death-penalty-3,249
/t/death-penalty,/t/death-penalty-3,/t/death-penalty-4,11
/t/death-penalty,/t/death-penalty-3,/t/death-penalty-2,3
/t/death-penalty,/t/death-penalty-3,/t/death-penalty-en-us,0
/t/death-penalty,/t/death-penalty-3,/t/death-penalty-en-au,0
/t/death-penalty,/t/death-penalty-3,/t/death-penalty-en-in,0
/t/character-ai,/t/character-ai-en-us,/t/character-ai-en-us,245
/t/character-ai,/t/character-ai-en-us,/t/character-ai-en-ca,0
/t/character-ai,/t/character-ai-en-us,/t/character-ai-en-au,0
/t/character-ai,/t/character-ai-en-us,/t/character-ai-en-gb,0
/t/gang-stalking,/t/gang-stalking-en-us,/t/gang-stalking-en-us,241
/t/gang-stalking,/t/gang-stalking-en-us,/t/gang-stalking-en-ca,23
/t/gang-stalking,/t/gang-stalking-en-us,/t/gang-stalking-en-gb,13
/t/gang-stalking,/t/gang-stalking-en-us,/t/gang-stalking-en-au,0
/t/fox-news,/t/fox-news-en-us,/t/fox-news-en-us,241
/t/fox-news,/t/fox-news-en-us,/t/fox-news-en-gb,0
/t/fox-news,/t/fox-news-en-us,/t/fox-news-en-au,0
/t/nfl,/t/nfl,/t/nfl,239
/t/nfl,/t/nfl,/t/nfl-en-ca,0
/t/nfl,/t/nfl,/t/nfl-3,0
/t/nfl,/t/nfl,/t/nfl-4,0
/t/nfl,/t/nfl,/t/nfl-en-au,0
/t/nfl,/t/nfl,/t/nfl-en-in,0
/t/nfl,/t/nfl,/t/nfl-2,0
/t/release-prisoner,/t/release-prisoner-en-us,/t/release-prisoner-en-us,239
/t/release-prisoner,/t/release-prisoner-en-us,/t/release-prisoner-en-gb,0
/t/elementary-school-restrooms,/t/elementary-school-restrooms-en-us,/t/elementary-school-restrooms-en-us,239
/t/whitney-bachanas,/t/whitney-bachanas-en-us,/t/whitney-bachanas-en-us,236
/t/ban-fireworks,/t/ban-fireworks-en-us,/t/ban-fireworks-en-us,234
/t/ban-fireworks,/t/ban-fireworks-en-us,/t/ban-fireworks-en-au,0
/t/ban-fireworks,/t/ban-fireworks-en-us,/t/ban-fireworks-en-gb,0
/t/ban-fireworks,/t/ban-fireworks-en-us,/t/ban-fireworks-en-ca,0
/t/unblock-pok%C3%A9mon-showdown,/t/unblock-pok%C3%A9mon-showdown-en-us,/t/unblock-pok%C3%A9mon-showdown-en-us,234
/t/luigi,/t/luigi-en-us,/t/luigi-en-us,233
/t/luigi,/t/luigi-en-us,/t/luigi-en-ca,0
/t/luigi,/t/luigi-en-us,/t/luigi-en-gb,0
/t/freedom-of-expression,/t/freedom-of-expression-en-us,/t/freedom-of-expression-en-us,230
/t/freedom-of-expression,/t/freedom-of-expression-en-us,/t/freedom-of-expression-en-in,3
/t/freedom-of-expression,/t/freedom-of-expression-en-us,/t/freedom-of-expression-en-au,0
/t/freedom-of-expression,/t/freedom-of-expression-en-us,/t/freedom-of-expression-en-ca,0
/t/freedom-of-expression,/t/freedom-of-expression-en-us,/t/freedom-of-expression-en-gb,0
/t/justice-for-aubreigh,/t/justice-for-aubreigh-en-us,/t/justice-for-aubreigh-en-us,228
/t/environmental-issues,/t/environmental-issues-en-us,/t/environmental-issues-en-us,227
/t/environmental-issues,/t/environmental-issues-en-us,/t/environmental-issues-en-gb,7
/t/environmental-issues,/t/environmental-issues-en-us,/t/environmental-issues-en-ca,3
/t/environmental-issues,/t/environmental-issues-en-us,/t/environmental-issues-en-au,0
/t/environmental-issues,/t/environmental-issues-en-us,/t/environmental-issues-en-in,0
/t/daylight-savings-time,/t/daylight-savings-time-en-us,/t/daylight-savings-time-en-us,226
/t/daylight-savings-time,/t/daylight-savings-time-en-us,/t/daylight-savings-time-en-ca,0
/t/gatorade-ice-punch,/t/gatorade-ice-punch-en-us,/t/gatorade-ice-punch-en-us,226
/t/save-tiktok,/t/save-tiktok-en-us,/t/save-tiktok-en-us,226
/t/prince-harry,/t/prince-harry-en-us,/t/prince-harry-en-us,226
/t/prince-harry,/t/prince-harry-en-us,/t/prince-harry-en-gb,43
/t/prince-harry,/t/prince-harry-en-us,/t/prince-harry-en-ca,0
/t/targeted-individual,/t/targeted-individual-en-us,/t/targeted-individual-en-us,224
/t/targeted-individual,/t/targeted-individual-en-us,/t/targeted-individual-en-gb,44
/t/chemicals-in-our-food,/t/chemicals-in-our-food-en-us,/t/chemicals-in-our-food-en-us,224
/t/environmental-protection,/t/environmental-protection-en-us,/t/environmental-protection-en-us,223
/t/environmental-protection,/t/environmental-protection-en-us,/t/environmental-protection-en-gb,0
/t/environmental-protection,/t/environmental-protection-en-us,/t/environmental-protection-en-ca,0
/t/environmental-protection,/t/environmental-protection-en-us,/t/environmental-protection-en-in,0
/t/environmental-protection,/t/environmental-protection-en-us,/t/environmental-protection-2,0
/t/blackrock,/t/blackrock-en-us,/t/blackrock-en-us,223
/t/the-view-whoopi-goldberg,/t/the-view-whoopi-goldberg-en-us,/t/the-view-whoopi-goldberg-en-us,222
/t/michelle-obama,/t/michelle-obama,/t/michelle-obama,218
/t/michelle-obama,/t/michelle-obama,/t/michelle-obama-en-gb,0
/t/michelle-obama,/t/michelle-obama,/t/michelle-obama-en-in,0
/t/crime-victim-support,/t/crime-victim-support-en-us,/t/crime-victim-support-en-us,218
/t/crime-victim-support,/t/crime-victim-support-en-us,/t/crime-victim-support-en-gb,11
/t/crime-victim-support,/t/crime-victim-support-en-us,/t/crime-victim-support-en-au,3
/t/crime-victim-support,/t/crime-victim-support-en-us,/t/crime-victim-support-en-in,0
/t/crime-victim-support,/t/crime-victim-support-en-us,/t/crime-victim-support-en-ca,0
/t/human-rights,/t/human-rights-11,/t/human-rights-11,215
/t/human-rights,/t/human-rights-11,/t/human-rights-10,57
/t/human-rights,/t/human-rights-11,/t/human-rights-9,43
/t/human-rights,/t/human-rights-11,/t/human-rights-12,19
/t/human-rights,/t/human-rights-11,/t/human-rights-en-in,4
/t/human-rights,/t/human-rights-11,/t/human-rights-en-us,0
/t/human-rights,/t/human-rights-11,/t/human-rights-36,0
/t/human-rights,/t/human-rights-11,/t/human-rights-16,0
/t/human-rights,/t/human-rights-11,/t/human-rights-31,0
/t/human-rights,/t/human-rights-11,/t/human-rights-23,0
/t/human-rights,/t/human-rights-11,/t/human-rights-29,0
/t/human-rights,/t/human-rights-11,/t/human-rights-20,0
/t/human-rights,/t/human-rights-11,/t/human-rights-21,0
/t/human-rights,/t/human-rights-11,/t/human-rights-26,0
/t/human-rights,/t/human-rights-11,/t/human-rights-13,0
/t/human-rights,/t/human-rights-11,/t/human-rights-35,0
/t/human-rights,/t/human-rights-11,/t/human-rights-17,0
/t/human-rights,/t/human-rights-11,/t/human-rights-27,0
/t/human-rights,/t/human-rights-11,/t/human-rights-en-au,0
/t/human-rights,/t/human-rights-11,/t/human-rights-30,0
/t/human-rights,/t/human-rights-11,/t/human-rights-33,0
/t/human-rights,/t/human-rights-11,/t/human-rights-24,0
/t/human-rights,/t/human-rights-11,/t/human-rights-28,0
/t/human-rights,/t/human-rights-11,/t/human-rights-25,0
/t/human-rights,/t/human-rights-11,/t/human-rights-32,0
/t/human-rights,/t/human-rights-11,/t/human-rights-22,0
/t/human-rights,/t/human-rights-11,/t/human-rights-15,0
/t/human-rights,/t/human-rights-11,/t/human-rights-34,0
/t/human-rights,/t/human-rights-11,/t/human-rights-19,0
/t/boycott-disney,/t/boycott-disney-en-us,/t/boycott-disney-en-us,215
/t/boycott-disney,/t/boycott-disney-en-us,/t/boycott-disney-en-ca,0
/t/elections,/t/elections-en-us,/t/elections-en-us,214
/t/elections,/t/elections-en-us,/t/elections-2015,0
/t/elections,/t/elections-en-us,/t/elections-2014,0
/t/elections,/t/elections-en-us,/t/elections-2,0
/t/elections,/t/elections-en-us,/t/elections-en-in,0
/t/elections,/t/elections-en-us,/t/elections-2016,0
/t/business-and-economy,/t/business-and-economy-en-us,/t/business-and-economy-en-us,214
/t/business-and-economy,/t/business-and-economy-en-us,/t/business-and-economy-en-gb,4
/t/business-and-economy,/t/business-and-economy-en-us,/t/business-and-economy-en-ca,3
/t/business-and-economy,/t/business-and-economy-en-us,/t/business-and-economy-en-au,0
/t/business-and-economy,/t/business-and-economy-en-us,/t/business-and-economy-en-in,0
/t/seunghan,/t/seunghan-en-us,/t/seunghan-en-us,212
/t/seunghan,/t/seunghan-en-us,/t/seunghan-en-gb,0
/t/seunghan,/t/seunghan-en-us,/t/seunghan-en-au,0
/t/raygun,/t/raygun-en-au,/t/raygun-en-au,210
/t/iready,/t/iready-en-us,/t/iready-en-us,207
/t/liz-cheney,/t/liz-cheney-en-us,/t/liz-cheney-en-us,206
/t/liz-cheney,/t/liz-cheney-en-us,/t/liz-cheney-en-gb,0
/t/mrbeast,/t/mrbeast-en-us,/t/mrbeast-en-us,206
/t/mrbeast,/t/mrbeast-en-us,/t/mrbeast-en-ca,0
/t/mrbeast,/t/mrbeast-en-us,/t/mrbeast-en-au,0
/t/mrbeast,/t/mrbeast-en-us,/t/mrbeast-en-gb,0
/t/video-games-online-gaming,/t/video-games-online-gaming-en-us,/t/video-games-online-gaming-en-us,206
/t/video-games-online-gaming,/t/video-games-online-gaming-en-us,/t/video-games-online-gaming-en-au,0
/t/video-games-online-gaming,/t/video-games-online-gaming-en-us,/t/video-games-online-gaming-en-gb,0
/t/video-games-online-gaming,/t/video-games-online-gaming-en-us,/t/video-games-online-gaming-en-in,0
/t/video-games-online-gaming,/t/video-games-online-gaming-en-us,/t/video-games-online-gaming-en-ca,0
/t/abortion-bans,/t/abortion-bans-en-us,/t/abortion-bans-en-us,205
/t/abortion-bans,/t/abortion-bans-en-us,/t/abortion-bans-en-ca,0
/t/racial-hatred,/t/racial-hatred-en-gb,/t/racial-hatred-en-gb,205
/t/gay-rights,/t/gay-rights-en-us,/t/gay-rights-en-us,205
/t/gay-rights,/t/gay-rights-en-us,/t/gay-rights-7,3
/t/gay-rights,/t/gay-rights-en-us,/t/gay-rights-en-in,0
/t/gay-rights,/t/gay-rights-en-us,/t/gay-rights-5,0
/t/gay-rights,/t/gay-rights-en-us,/t/gay-rights-8,0
/t/gay-rights,/t/gay-rights-en-us,/t/gay-rights-9,0
/t/gay-rights,/t/gay-rights-en-us,/t/gay-rights-10,0
/t/kansas-city-chiefs,/t/kansas-city-chiefs-en-us,/t/kansas-city-chiefs-en-us,204
/t/gun-reform,/t/gun-reform-en-us,/t/gun-reform-en-us,200
/t/gun-reform,/t/gun-reform-en-us,/t/gun-reform-en-ca,0
/t/gun-reform,/t/gun-reform-en-us,/t/gun-reform-en-au,0
/t/iready-ban,/t/iready-ban-en-us,/t/iready-ban-en-us,200
/t/wildlife-conservation,/t/wildlife-conservation-en-us,/t/wildlife-conservation-en-us,195
/t/wildlife-conservation,/t/wildlife-conservation-en-us,/t/wildlife-conservation-en-gb,4
/t/wildlife-conservation,/t/wildlife-conservation-en-us,/t/wildlife-conservation-en-au,3
/t/wildlife-conservation,/t/wildlife-conservation-en-us,/t/wildlife-conservation-en-ca,3
/t/wildlife-conservation,/t/wildlife-conservation-en-us,/t/wildlife-conservation-en-in,0
/t/animation,/t/animation-en-us,/t/animation-en-us,194
/t/animation,/t/animation-en-us,/t/animation-en-ca,0
/t/animation,/t/animation-en-us,/t/animation-en-in,0
/t/animation,/t/animation-en-us,/t/animation-en-gb,0
/t/animation,/t/animation-en-us,/t/animation-en-au,0
/t/santos-bonacci,/t/santos-bonacci-en-us,/t/santos-bonacci-en-us,193
/t/eaglercraft,/t/eaglercraft-en-us,/t/eaglercraft-en-us,188
/t/republican-party,/t/republican-party-en-us,/t/republican-party-en-us,188
/t/republican-party,/t/republican-party-en-us,/t/republican-party-en-ca,0
/t/republican-party,/t/republican-party-en-us,/t/republican-party-en-gb,0
/t/fortnite,/t/fortnite-en-us,/t/fortnite-en-us,187
/t/fortnite,/t/fortnite-en-us,/t/fortnite-en-ca,0
/t/fortnite,/t/fortnite-en-us,/t/fortnite-en-gb,0
/t/fortnite,/t/fortnite-en-us,/t/fortnite-en-in,0
/t/fortnite,/t/fortnite-en-us,/t/fortnite-en-au,0
/t/disability-rights,/t/disability-rights-5,/t/disability-rights-5,187
/t/disability-rights,/t/disability-rights-5,/t/disability-rights-4,16
/t/disability-rights,/t/disability-rights-5,/t/disability-rights-6,10
/t/disability-rights,/t/disability-rights-5,/t/disability-rights-3,0
/t/disability-rights,/t/disability-rights-5,/t/disability-rights-7,0
/t/monty-noblitt,/t/monty-noblitt-en-us,/t/monty-noblitt-en-us,185
/t/women-s-sports,/t/women-s-sports-en-us,/t/women-s-sports-en-us,185
/t/women-s-sports,/t/women-s-sports-en-us,/t/women-s-sports-en-au,0
/t/women-s-sports,/t/women-s-sports-en-us,/t/women-s-sports-6,0
/t/women-s-sports,/t/women-s-sports-en-us,/t/women-s-sports-5,0
/t/women-s-sports,/t/women-s-sports-en-us,/t/women-s-sports-3,0
/t/woodrocket,/t/woodrocket-en-us,/t/woodrocket-en-us,185
/t/bullying,/t/bullying-6,/t/bullying-6,185
/t/bullying,/t/bullying-6,/t/bullying-en-gb,12
/t/bullying,/t/bullying-6,/t/bullying-8,0
/t/bullying,/t/bullying-6,/t/bullying-9,0
/t/bullying,/t/bullying-6,/t/bullying-7,0
/t/bullying,/t/bullying-6,/t/bullying-en-in,0
/t/bullying,/t/bullying-6,/t/bullying-5,0
/t/wrongful-termination,/t/wrongful-termination-en-us,/t/wrongful-termination-en-us,182
/t/wrongful-termination,/t/wrongful-termination-en-us,/t/wrongful-termination-en-gb,0
/t/marijuana-legalization,/t/marijuana-legalization-en-us,/t/marijuana-legalization-en-us,179
/t/marijuana-legalization,/t/marijuana-legalization-en-us,/t/marijuana-legalization-en-ca,0
/t/targeted-individuals,/t/targeted-individuals-en-us,/t/targeted-individuals-en-us,179
/t/targeted-individuals,/t/targeted-individuals-en-us,/t/targeted-individuals-en-ca,32
/t/targeted-individuals,/t/targeted-individuals-en-us,/t/targeted-individuals-en-au,11
/t/targeted-individuals,/t/targeted-individuals-en-us,/t/targeted-individuals-en-gb,0
/t/project-2025,/t/project-2025-en-us,/t/project-2025-en-us,177
/t/business-regulation,/t/business-regulation,/t/business-regulation,177
/t/business-regulation,/t/business-regulation,/t/business-regulation-en-gb,0
/t/business-regulation,/t/business-regulation,/t/business-regulation-en-au,0
/t/business-regulation,/t/business-regulation,/t/business-regulation-en-ca,0
/t/business-regulation,/t/business-regulation,/t/business-regulation-en-in,0
/t/lego-games,/t/lego-games-en-us,/t/lego-games-en-us,176
/t/lego-games,/t/lego-games-en-us,/t/lego-games-en-gb,0
/t/presidential-election,/t/presidential-election-en-us,/t/presidential-election-en-us,175
/t/presidential-election,/t/presidential-election-en-us,/t/presidential-election-en-au,0
/t/presidential-election,/t/presidential-election-en-us,/t/presidential-election,0
/t/uk-general-election,/t/uk-general-election-en-gb,/t/uk-general-election-en-gb,173
/t/uk-general-election,/t/uk-general-election-en-gb,/t/uk-general-election-en-us,8
/t/cancelled-tv-series,/t/cancelled-tv-series-en-us,/t/cancelled-tv-series-en-us,172
/t/goghostagain,/t/goghostagain-en-us,/t/goghostagain-en-us,171
/t/white-house,/t/white-house-en-us,/t/white-house-en-us,171
/t/white-house,/t/white-house-en-us,/t/white-house-en-gb,0
/t/white-house,/t/white-house-en-us,/t/white-house-en-au,0
/t/white-house,/t/white-house-en-us,/t/white-house-en-in,0
/t/addressing-racist-history,/t/addressing-racist-history-en-us,/t/addressing-racist-history-en-us,169
/t/addressing-racist-history,/t/addressing-racist-history-en-us,/t/addressing-racist-history-en-au,0
/t/remove-user,/t/remove-user-en-us,/t/remove-user-en-us,168
/t/remove-user,/t/remove-user-en-us,/t/remove-user-en-au,5
/t/remove-user,/t/remove-user-en-us,/t/remove-user-en-gb,0
/t/california-secession,/t/california-secession-en-us,/t/california-secession-en-us,168
/t/menendez-brothers-retrial,/t/menendez-brothers-retrial-en-us,/t/menendez-brothers-retrial-en-us,166
/t/daniel-larsen,/t/daniel-larsen-en-us,/t/daniel-larsen-en-us,166
/t/nfl-referees,/t/nfl-referees-en-us,/t/nfl-referees-en-us,164
/t/nfl-referees,/t/nfl-referees-en-us,/t/nfl-referees-en-ca,0
/t/nfl-referees,/t/nfl-referees-en-us,/t/nfl-referees-en-gb,0
/t/nfl-referees,/t/nfl-referees-en-us,/t/nfl-referees-en-au,0
/t/nfl-referees,/t/nfl-referees-en-us,/t/nfl-referees-en-in,0
/t/the-dark-crystal,/t/the-dark-crystal-en-us,/t/the-dark-crystal-en-us,162
/t/tekashi-6ix9ine,/t/tekashi-6ix9ine-en-us,/t/tekashi-6ix9ine-en-us,161
/t/fire-dak-prescott,/t/fire-dak-prescott-en-us,/t/fire-dak-prescott-en-us,160
/t/marchman-act-in-new-york,/t/marchman-act-in-new-york-en-us,/t/marchman-act-in-new-york-en-us,159
/t/serbia,/t/serbia-en-us,/t/serbia-en-us,159
/t/serbia,/t/serbia-en-us,/t/serbia-en-gb,0
/t/serbia,/t/serbia-en-us,/t/serbia-en-au,0
/t/nd-miata-transmission-failure,/t/nd-miata-transmission-failure-en-us,/t/nd-miata-transmission-failure-en-us,158
/t/magic-the-gathering,/t/magic-the-gathering-en-us,/t/magic-the-gathering-en-us,158
/t/magic-the-gathering,/t/magic-the-gathering-en-us,/t/magic-the-gathering-en-gb,7
/t/magic-the-gathering,/t/magic-the-gathering-en-us,/t/magic-the-gathering-en-us-2,0
/t/magic-the-gathering,/t/magic-the-gathering-en-us,/t/magic-the-gathering-en-au,0
/t/magic-the-gathering,/t/magic-the-gathering-en-us,/t/magic-the-gathering-en-ca,0
/t/traffickinghub,/t/traffickinghub-en-us,/t/traffickinghub-en-us,156
/t/unblocked,/t/unblocked-en-us,/t/unblocked-en-us,156
/t/unblocked,/t/unblocked-en-us,/t/unblocked-en-gb,0
/t/phi-mu-hand-sign,/t/phi-mu-hand-sign-en-us,/t/phi-mu-hand-sign-en-us,154
/t/discontinued-food-product,/t/discontinued-food-product-en-us,/t/discontinued-food-product-en-us,154
/t/shadow-and-bone,/t/shadow-and-bone-en-us,/t/shadow-and-bone-en-us,153
/t/shadow-and-bone,/t/shadow-and-bone-en-us,/t/shadow-and-bone-en-au,0
/t/shadow-and-bone,/t/shadow-and-bone-en-us,/t/shadow-and-bone-en-gb,0
/t/cps-corruption,/t/cps-corruption-en-us,/t/cps-corruption-en-us,151
/t/flat-earth,/t/flat-earth-en-us,/t/flat-earth-en-us,151
/t/flat-earth,/t/flat-earth-en-us,/t/flat-earth-en-gb,0
/t/flat-earth,/t/flat-earth-en-us,/t/flat-earth-en-au,0
/t/flat-earth,/t/flat-earth-en-us,/t/flat-earth-en-in,0
/t/skibidi-toilet,/t/skibidi-toilet-en-gb,/t/skibidi-toilet-en-gb,151
/t/skibidi-toilet,/t/skibidi-toilet-en-gb,/t/skibidi-toilet-en-us,11
/t/skibidi-toilet,/t/skibidi-toilet-en-gb,/t/skibidi-toilet-en-au,0
/t/skibidi-toilet,/t/skibidi-toilet-en-gb,/t/skibidi-toilet-en-ca,0
/t/coolmathgames,/t/coolmathgames-en-us,/t/coolmathgames-en-us,149
/t/save-splash-mountain,/t/save-splash-mountain-en-us,/t/save-splash-mountain-en-us,149
/t/liam-payne,/t/liam-payne-en-us,/t/liam-payne-en-us,147
/t/liam-payne,/t/liam-payne-en-us,/t/liam-payne-en-gb,5
/t/liam-payne,/t/liam-payne-en-us,/t/liam-payne-en-in,0
/t/supreme-court,/t/supreme-court-en-us,/t/supreme-court-en-us,146
/t/supreme-court,/t/supreme-court-en-us,/t/supreme-court,9
/t/supreme-court,/t/supreme-court-en-us,/t/supreme-court-en-gb,0
/t/supreme-court,/t/supreme-court-en-us,/t/supreme-court-en-au,0
/t/supreme-court,/t/supreme-court-en-us,/t/supreme-court-en-in,0
/t/national-roblox-day,/t/national-roblox-day-en-us,/t/national-roblox-day-en-us,146
/t/gangstalking,/t/gangstalking-en-us,/t/gangstalking-en-us,146
/t/gangstalking,/t/gangstalking-en-us,/t/gangstalking-en-gb,0
/t/gangstalking,/t/gangstalking-en-us,/t/gangstalking-en-in,0
/t/gangstalking,/t/gangstalking-en-us,/t/gangstalking-en-au,0
/t/gangstalking,/t/gangstalking-en-us,/t/gangstalking-en-ca,0
/t/cat-in-the-blender-video,/t/cat-in-the-blender-video-en-au,/t/cat-in-the-blender-video-en-au,144
/t/free-palestine,/t/free-palestine-en-us,/t/free-palestine-en-us,144
/t/free-palestine,/t/free-palestine-en-us,/t/free-palestine-en-gb,0
/t/free-palestine,/t/free-palestine-en-us,/t/free-palestine-en-au,0
/t/free-palestine,/t/free-palestine-en-us,/t/free-palestine-en-in,0
/t/free-palestine,/t/free-palestine-en-us,/t/free-palestine-en-ca,0
/t/gypsy,/t/gypsy-en-us,/t/gypsy-en-us,144
/t/gypsy,/t/gypsy-en-us,/t/gypsy-en-gb,0
/t/justice-for-kendrick,/t/justice-for-kendrick-en-us,/t/justice-for-kendrick-en-us,144
/t/menendez,/t/menendez-en-us,/t/menendez-en-us,143
/t/election-fraud,/t/election-fraud-en-us,/t/election-fraud-en-us,142
/t/election-fraud,/t/election-fraud-en-us,/t/election-fraud-en-au,0
/t/election-fraud,/t/election-fraud-en-us,/t/election-fraud-en-gb,0
/t/election-fraud,/t/election-fraud-en-us,/t/election-fraud-en-in,0
/t/anonymous,/t/anonymous-en-us,/t/anonymous-en-us,139
/t/anonymous,/t/anonymous-en-us,/t/anonymous-en-gb,0
/t/anonymous,/t/anonymous-en-us,/t/anonymous-en-au,0
/t/anonymous,/t/anonymous-en-us,/t/anonymous-en-ca,0
/t/make-a-wayne-season-two,/t/make-a-wayne-season-two-en-us,/t/make-a-wayne-season-two-en-us,138
/t/stop-prince-chute-from-posting-for-charity,/t/stop-prince-chute-from-posting-for-charity-en-us,/t/stop-prince-chute-from-posting-for-charity-en-us,138
/t/democratic-party,/t/democratic-party-en-us,/t/democratic-party-en-us,137
/t/democratic-party,/t/democratic-party-en-us,/t/democratic-party-en-ca,0
/t/democratic-party,/t/democratic-party-en-us,/t/democratic-party-en-gb,0
/t/diddy,/t/diddy-en-us,/t/diddy-en-us,135
/t/diddy,/t/diddy-en-us,/t/diddy-en-gb,0
/t/diddy,/t/diddy-en-us,/t/diddy-en-ca,0
/t/angela-green,/t/angela-green-en-us,/t/angela-green-en-us,135
/t/tesla,/t/tesla-en-us,/t/tesla-en-us,135
/t/tesla,/t/tesla-en-us,/t/tesla-en-ca,0
/t/tesla,/t/tesla-en-us,/t/tesla-en-in,0
/t/tesla,/t/tesla-en-us,/t/tesla-en-gb,0
/t/tesla,/t/tesla-en-us,/t/tesla-en-au,0
/t/mihoyo,/t/mihoyo-en-us,/t/mihoyo-en-us,134
/t/mihoyo,/t/mihoyo-en-us,/t/mihoyo-en-ca,15
/t/mihoyo,/t/mihoyo-en-us,/t/mihoyo-en-gb,4
/t/fire-brad-butler-at-csi-companies,/t/fire-brad-butler-at-csi-companies-en-us,/t/fire-brad-butler-at-csi-companies-en-us,134
/t/hartz-victims,/t/hartz-victims-en-us,/t/hartz-victims-en-us,133
/t/roblox,/t/roblox-en-us,/t/roblox-en-us,133
/t/roblox,/t/roblox-en-us,/t/roblox-en-gb,28
/t/roblox,/t/roblox-en-us,/t/roblox-en-ca,3
/t/roblox,/t/roblox-en-us,/t/roblox-en-au,3
/t/roblox,/t/roblox-en-us,/t/roblox-en-in,0
/t/vaping-ban,/t/vaping-ban-en-us,/t/vaping-ban-en-us,133
/t/vaping-ban,/t/vaping-ban-en-us,/t/vaping-ban-en-in,0
/t/vaping-ban,/t/vaping-ban-en-us,/t/vaping-ban-en-au,0
/t/concord,/t/concord-en-us,/t/concord-en-us,132
/t/concord,/t/concord-en-us,/t/concord-en-ca,3
/t/animal-cruelty,/t/animal-cruelty-7,/t/animal-cruelty-7,131
/t/animal-cruelty,/t/animal-cruelty-7,/t/animal-cruelty-8,3
/t/animal-cruelty,/t/animal-cruelty-7,/t/animal-cruelty-9,3
/t/animal-cruelty,/t/animal-cruelty-7,/t/animal-cruelty-13,0
/t/animal-cruelty,/t/animal-cruelty-7,/t/animal-cruelty-12,0
/t/animal-cruelty,/t/animal-cruelty-7,/t/animal-cruelty-6,0
/t/animal-cruelty,/t/animal-cruelty-7,/t/animal-cruelty-11,0
/t/animal-cruelty,/t/animal-cruelty-7,/t/animal-cruelty-14,0
/t/animal-cruelty,/t/animal-cruelty-7,/t/animal-cruelty-en-au,0
/t/mob-vote,/t/mob-vote-en-us,/t/mob-vote-en-us,131
/t/mob-vote,/t/mob-vote-en-us,/t/mob-vote-en-gb,0
/t/tv-shows,/t/tv-shows-en-us,/t/tv-shows-en-us,131
/t/tv-shows,/t/tv-shows-en-us,/t/tv-shows-en-ca,3
/t/tv-shows,/t/tv-shows-en-us,/t/tv-shows-en-gb,0
/t/tv-shows,/t/tv-shows-en-us,/t/tv-shows-en-in,0
/t/tv-shows,/t/tv-shows-en-us,/t/tv-shows-en-au,0
/t/due-process,/t/due-process-en-us,/t/due-process-en-us,130
/t/due-process,/t/due-process-en-us,/t/due-process-en-gb,3
/t/due-process,/t/due-process-en-us,/t/due-process,3
/t/due-process,/t/due-process-en-us,/t/due-process-en-au,0
/t/due-process,/t/due-process-en-us,/t/due-process-en-in,0
/t/keir-starmer,/t/keir-starmer-en-gb,/t/keir-starmer-en-gb,129
/t/derechos-de-la-mujer,/t/derechos-de-la-mujer-2,/t/derechos-de-la-mujer-2,129
/t/derechos-de-la-mujer,/t/derechos-de-la-mujer-2,/t/derechos-de-la-mujer-en-gb,0
/t/derechos-de-la-mujer,/t/derechos-de-la-mujer-2,/t/derechos-de-la-mujer-en-au,0
/t/derechos-de-la-mujer,/t/derechos-de-la-mujer-2,/t/derechos-de-la-mujer-en-us,0
/t/derechos-de-la-mujer,/t/derechos-de-la-mujer-2,/t/derechos-de-la-mujer-3,0
/t/derechos-de-la-mujer,/t/derechos-de-la-mujer-2,/t/derechos-de-la-mujer-en-ca,0
/t/healthcare,/t/healthcare-en-us,/t/healthcare-en-us,128
/t/healthcare,/t/healthcare-en-us,/t/healthcare-en-au,0
/t/healthcare,/t/healthcare-en-us,/t/healthcare-3,0
/t/healthcare,/t/healthcare-en-us,/t/healthcare-5,0
/t/healthcare,/t/healthcare-en-us,/t/healthcare-4,0
/t/rfk-jr,/t/rfk-jr-en-us,/t/rfk-jr-en-us,128
/t/lego,/t/lego-en-us,/t/lego-en-us,126
/t/lego,/t/lego-en-us,/t/lego-en-gb,4
/t/lego,/t/lego-en-us,/t/lego-en-au,0
/t/lego,/t/lego-en-us,/t/lego-en-ca,0
/t/lego,/t/lego-en-us,/t/lego-en-in,0
/t/stop-bullying,/t/stop-bullying-en-us,/t/stop-bullying-en-us,125
/t/stop-bullying,/t/stop-bullying-en-us,/t/stop-bullying-en-gb,10
/t/stop-bullying,/t/stop-bullying-en-us,/t/stop-bullying-en-au,0
/t/stop-bullying,/t/stop-bullying-en-us,/t/stop-bullying-en-ca,0
/t/police-brutality,/t/police-brutality-4,/t/police-brutality-4,125
/t/police-brutality,/t/police-brutality-4,/t/police-brutality-en-gb,0
/t/police-brutality,/t/police-brutality-4,/t/police-brutality-en-au,0
/t/police-brutality,/t/police-brutality-4,/t/police-brutality-en-us,0
/t/police-brutality,/t/police-brutality-4,/t/police-brutality-3,0
/t/police-brutality,/t/police-brutality-4,/t/police-brutality-5,0
/t/doxxer,/t/doxxer-en-us,/t/doxxer-en-us,125
/t/jon-benet-ramsey,/t/jon-benet-ramsey-en-us,/t/jon-benet-ramsey-en-us,125
/t/conspiracy-theories,/t/conspiracy-theories-en-ca,/t/conspiracy-theories-en-ca,124
/t/conspiracy-theories,/t/conspiracy-theories-en-ca,/t/conspiracy-theories-en-us,0
/t/homelessness,/t/homelessness-en-us,/t/homelessness-en-us,123
/t/homelessness,/t/homelessness-en-us,/t/homelessness-en-au,0
/t/homelessness,/t/homelessness-en-us,/t/homelessness-en-ca,0
/t/homelessness,/t/homelessness-en-us,/t/homelessness-en-in,0
/t/homelessness,/t/homelessness-en-us,/t/homelessness-2,0
/t/dcfs-corruption,/t/dcfs-corruption-en-us,/t/dcfs-corruption-en-us,123
/t/traffic-light-request,/t/traffic-light-request-en-us,/t/traffic-light-request-en-us,122
/t/traffic-light-request,/t/traffic-light-request-en-us,/t/traffic-light-request-en-gb,0
/t/traffic-light-request,/t/traffic-light-request-en-us,/t/traffic-light-request-en-ca,0
/t/mujeres-en-mexico-es,/t/mujeres-en-mexico-es-419,/t/mujeres-en-mexico-es-419,122
/t/prison-reform,/t/prison-reform,/t/prison-reform,121
/t/prison-reform,/t/prison-reform,/t/prison-reform-en-ca,0
/t/prison-reform,/t/prison-reform,/t/prison-reform-en-au,0
/t/prison-reform,/t/prison-reform,/t/prison-reform-en-gb,0
/t/minecraft-story-mode,/t/minecraft-story-mode-en-us,/t/minecraft-story-mode-en-us,121
/t/minecraft-story-mode,/t/minecraft-story-mode-en-us,/t/minecraft-story-mode-en-in,0
/t/minecraft-story-mode,/t/minecraft-story-mode-en-us,/t/minecraft-story-mode-en-ca,0
/t/minecraft-story-mode,/t/minecraft-story-mode-en-us,/t/minecraft-story-mode-en-gb,0
/t/school-uniforms,/t/school-uniforms-en-us,/t/school-uniforms-en-us,121
/t/school-uniforms,/t/school-uniforms-en-us,/t/school-uniforms-en-au,0
/t/school-uniforms,/t/school-uniforms-en-us,/t/school-uniforms-en-gb,0
/t/school-programs,/t/school-programs-en-us,/t/school-programs-en-us,121
/t/school-programs,/t/school-programs-en-us,/t/school-programs-en-in,3
/t/school-programs,/t/school-programs-en-us,/t/school-programs-en-gb,0
/t/school-programs,/t/school-programs-en-us,/t/school-programs-en-ca,0
/t/school-programs,/t/school-programs-en-us,/t/school-programs-en-au,0
/t/molly-nobiltt,/t/molly-nobiltt-en-us,/t/molly-nobiltt-en-us,121
/t/julie-and-the-phantoms,/t/julie-and-the-phantoms-en-us,/t/julie-and-the-phantoms-en-us,120
/t/julie-and-the-phantoms,/t/julie-and-the-phantoms-en-us,/t/julie-and-the-phantoms-en-ca,0
/t/julie-and-the-phantoms,/t/julie-and-the-phantoms-en-us,/t/julie-and-the-phantoms-en-au,0
/t/julie-and-the-phantoms,/t/julie-and-the-phantoms-en-us,/t/julie-and-the-phantoms-en-gb,0
/t/corruption-in-child-services,/t/corruption-in-child-services-en-us,/t/corruption-in-child-services-en-us,120
/t/signup,/t/signup-en-us,/t/signup-en-us,120
/t/the-muppets,/t/the-muppets-en-us,/t/the-muppets-en-us,120
/t/unblock-music-apps-at-school,/t/unblock-music-apps-at-school-en-us,/t/unblock-music-apps-at-school-en-us,119
/t/presidential-race-2024,/t/presidential-race-2024-en-us,/t/presidential-race-2024-en-us,119
/t/presidential-race-2024,/t/presidential-race-2024-en-us,/t/presidential-race-2024-en-gb,0
/t/directed-energy-weapons,/t/directed-energy-weapons-en-us,/t/directed-energy-weapons-en-us,119
/t/directed-energy-weapons,/t/directed-energy-weapons-en-us,/t/directed-energy-weapons-en-gb,0
/t/native-american-rights,/t/native-american-rights-en-us,/t/native-american-rights-en-us,119
/t/genshin,/t/genshin-en-us,/t/genshin-en-us,118
/t/genshin,/t/genshin-en-us,/t/genshin-en-au,0
/t/genshin,/t/genshin-en-us,/t/genshin-en-gb,0
/t/fire-neal-mohan,/t/fire-neal-mohan-en-us,/t/fire-neal-mohan-en-us,118
/t/pit-bulls,/t/pit-bulls,/t/pit-bulls,118
/t/pit-bulls,/t/pit-bulls,/t/pit-bulls-en-ca,0
/t/pit-bulls,/t/pit-bulls,/t/pit-bulls-en-au,0
/t/pit-bulls,/t/pit-bulls,/t/pit-bulls-en-gb,0
/t/artificial-intelligence,/t/artificial-intelligence-en-us,/t/artificial-intelligence-en-us,117
/t/artificial-intelligence,/t/artificial-intelligence-en-us,/t/artificial-intelligence-en-in,0
/t/artificial-intelligence,/t/artificial-intelligence-en-us,/t/artificial-intelligence-en-ca,0
/t/artificial-intelligence,/t/artificial-intelligence-en-us,/t/artificial-intelligence-en-gb,0
/t/artificial-intelligence,/t/artificial-intelligence-en-us,/t/artificial-intelligence-en-au,0
/t/therians-in-schools,/t/therians-in-schools-en-us,/t/therians-in-schools-en-us,117
/t/idubbbz,/t/idubbbz-en-us,/t/idubbbz-en-us,115
/t/idubbbz,/t/idubbbz-en-us,/t/idubbbz-en-au,0
/t/idubbbz,/t/idubbbz-en-us,/t/idubbbz-en-gb,0
/t/stupid,/t/stupid-en-us,/t/stupid-en-us,115
/t/stupid,/t/stupid-en-us,/t/stupid-en-au,0
/t/stupid,/t/stupid-en-us,/t/stupid-en-in,0
/t/stupid,/t/stupid-en-us,/t/stupid-en-ca,0
/t/stupid,/t/stupid-en-us,/t/stupid-en-gb,0
/t/taylor-swift,/t/taylor-swift-en-us,/t/taylor-swift-en-us,115
/t/taylor-swift,/t/taylor-swift-en-us,/t/taylor-swift-en-ca,4
/t/taylor-swift,/t/taylor-swift-en-us,/t/taylor-swift-en-au,0
/t/taylor-swift,/t/taylor-swift-en-us,/t/taylor-swift-en-gb,0
/t/taylor-swift,/t/taylor-swift-en-us,/t/taylor-swift-en-in,0
/t/book-banning,/t/book-banning-en-us,/t/book-banning-en-us,115
/t/crunchyroll,/t/crunchyroll-en-us,/t/crunchyroll-en-us,114
/t/crunchyroll,/t/crunchyroll-en-us,/t/crunchyroll-en-ca,0
/t/crunchyroll,/t/crunchyroll-en-us,/t/crunchyroll-en-gb,0
/t/crunchyroll,/t/crunchyroll-en-us,/t/crunchyroll-en-au,0
/t/crunchyroll,/t/crunchyroll-en-us,/t/crunchyroll-en-in,0
/t/terrorism,/t/terrorism-2,/t/terrorism-2,114
/t/terrorism,/t/terrorism-2,/t/terrorism-en-au,0
/t/terrorism,/t/terrorism-2,/t/terrorism-en-in,0
/t/terrorism,/t/terrorism-2,/t/terrorism-en-ca,0
/t/terrorism,/t/terrorism-2,/t/terrorism-3,0
/t/terrorism,/t/terrorism-2,/t/terrorism-en-gb,0
/t/monkeys,/t/monkeys,/t/monkeys,114
/t/monkeys,/t/monkeys,/t/monkeys-en-gb,3
/t/monkeys,/t/monkeys,/t/monkeys-en-ca,0
/t/monkeys,/t/monkeys,/t/monkeys-en-au,0
/t/global-warming,/t/global-warming-en-us,/t/global-warming-en-us,114
/t/global-warming,/t/global-warming-en-us,/t/global-warming-en-gb,0
/t/global-warming,/t/global-warming-en-us,/t/global-warming-en-in,0
/t/global-warming,/t/global-warming-en-us,/t/global-warming-en-au,0
/t/global-warming,/t/global-warming-en-us,/t/global-warming-en-ca,0
/t/clarence-thomas,/t/clarence-thomas-en-us,/t/clarence-thomas-en-us,113
/t/judicial-reform,/t/judicial-reform-en-us,/t/judicial-reform-en-us,112
/t/judicial-reform,/t/judicial-reform-en-us,/t/judicial-reform-en-ca,6
/t/judicial-reform,/t/judicial-reform-en-us,/t/judicial-reform-en-gb,0
/t/judicial-reform,/t/judicial-reform-en-us,/t/judicial-reform-en-in,0
/t/judicial-reform,/t/judicial-reform-en-us,/t/judicial-reform-en-au,0
/t/playstation,/t/playstation-en-us,/t/playstation-en-us,112
/t/playstation,/t/playstation-en-us,/t/playstation-en-ca,0
/t/playstation,/t/playstation-en-us,/t/playstation-en-in,0
/t/playstation,/t/playstation-en-us,/t/playstation-4,0
/t/playstation,/t/playstation-en-us,/t/playstation-en-gb,0
/t/playstation,/t/playstation-en-us,/t/playstation-en-au,0
/t/trans-sports,/t/trans-sports-en-us,/t/trans-sports-en-us,112
/t/trans-sports,/t/trans-sports-en-us,/t/trans-sports-en-gb,0
/t/justin-baldoni,/t/justin-baldoni-en-us,/t/justin-baldoni-en-us,112
/t/justin-baldoni,/t/justin-baldoni-en-us,/t/justin-baldoni-en-gb,0
/t/tipping,/t/tipping-en-us,/t/tipping-en-us,112
/t/tipping,/t/tipping-en-us,/t/tipping-en-gb,0
/t/public-safety-concern,/t/public-safety-concern-en-us,/t/public-safety-concern-en-us,111
/t/tommy-sotomayor,/t/tommy-sotomayor-en-us,/t/tommy-sotomayor-en-us,111
/t/lgbt-rights,/t/lgbt-rights-3,/t/lgbt-rights-3,111
/t/lgbt-rights,/t/lgbt-rights-3,/t/lgbt-rights-9,9
/t/lgbt-rights,/t/lgbt-rights-3,/t/lgbt-rights-14,0
/t/lgbt-rights,/t/lgbt-rights-3,/t/lgbt-rights-8,0
/t/lgbt-rights,/t/lgbt-rights-3,/t/lgbt-rights-7,0
/t/lgbt-rights,/t/lgbt-rights-3,/t/lgbt-rights-12,0
/t/lgbt-rights,/t/lgbt-rights-3,/t/lgbt-rights-20,0
/t/lgbt-rights,/t/lgbt-rights-3,/t/lgbt-rights-21,0
/t/lgbt-rights,/t/lgbt-rights-3,/t/lgbt-rights-16,0
/t/lgbt-rights,/t/lgbt-rights-3,/t/lgbt-rights-6,0
/t/lgbt-rights,/t/lgbt-rights-3,/t/lgbt-rights-18,0
/t/lgbt-rights,/t/lgbt-rights-3,/t/lgbt-rights-19,0
/t/lgbt-rights,/t/lgbt-rights-3,/t/lgbt-rights-4,0
/t/lgbt-rights,/t/lgbt-rights-3,/t/lgbt-rights-10,0
/t/lgbt-rights,/t/lgbt-rights-3,/t/lgbt-rights-11,0
/t/lgbt-rights,/t/lgbt-rights-3,/t/lgbt-rights-5,0
/t/lgbt-rights,/t/lgbt-rights-3,/t/lgbt-rights-2,0
/t/lgbt-rights,/t/lgbt-rights-3,/t/lgbt-rights-13,0
/t/lgbt-rights,/t/lgbt-rights-3,/t/lgbt-rights-15,0
/t/lgbt-rights,/t/lgbt-rights-3,/t/lgbt-rights-17,0
/t/social-media,/t/social-media-3,/t/social-media-3,110
/t/social-media,/t/social-media-3,/t/social-media-en-gb,6
/t/social-media,/t/social-media-3,/t/social-media-en-ca,2
/t/social-media,/t/social-media-3,/t/social-media-en-in,0
/t/social-media,/t/social-media-3,/t/social-media-en-au,0
/t/social-media,/t/social-media-3,/t/social-media-en-us,0
/t/animal-abuse-advertised,/t/animal-abuse-advertised-en-us,/t/animal-abuse-advertised-en-us,110
/t/bring-back-coco-cabana-sol-de-janeiro,/t/bring-back-coco-cabana-sol-de-janeiro-en-us,/t/bring-back-coco-cabana-sol-de-janeiro-en-us,110
/t/prisoners-rights,/t/prisoners-rights-en-us,/t/prisoners-rights-en-us,109
/t/prisoners-rights,/t/prisoners-rights-en-us,/t/prisoners-rights,11
/t/prisoners-rights,/t/prisoners-rights-en-us,/t/prisoners-rights-2,0
/t/prisoners-rights,/t/prisoners-rights-en-us,/t/prisoners-rights-en-au,0
/t/prisoners-rights,/t/prisoners-rights-en-us,/t/prisoners-rights-en-gb,0
/t/prisoners-rights,/t/prisoners-rights-en-us,/t/prisoners-rights-en-in,0
/t/prisoners-rights,/t/prisoners-rights-en-us,/t/prisoners-rights-en-ca,0
/t/doc-mcstuffins,/t/doc-mcstuffins-en-us,/t/doc-mcstuffins-en-us,109
/t/merchandise,/t/merchandise-en-us,/t/merchandise-en-us,109
/t/merchandise,/t/merchandise-en-us,/t/merchandise-en-gb,0
/t/merchandise,/t/merchandise-en-us,/t/merchandise-en-au,0
/t/merchandise,/t/merchandise-en-us,/t/merchandise-en-ca,0
/t/spider-man,/t/spider-man-en-us,/t/spider-man-en-us,109
/t/spider-man,/t/spider-man-en-us,/t/spider-man-en-ca,0
/t/spider-man,/t/spider-man-en-us,/t/spider-man-en-au,0
/t/spider-man,/t/spider-man-en-us,/t/spider-man-en-gb,0
/t/peanuts,/t/peanuts-en-us,/t/peanuts-en-us,107
/t/peanuts,/t/peanuts-en-us,/t/peanuts-en-ca,0
/t/peanuts,/t/peanuts-en-us,/t/peanuts-en-gb,0
/t/racist,/t/racist-en-us,/t/racist-en-us,107
/t/racist,/t/racist-en-us,/t/racist-en-gb,0
/t/racist,/t/racist-en-us,/t/racist-en-ca,0
/t/racist,/t/racist-en-us,/t/racist-en-au,0
/t/iran,/t/iran-en-us,/t/iran-en-us,106
/t/iran,/t/iran-en-us,/t/iran-6,9
/t/iran,/t/iran-en-us,/t/iran-en-ca,0
/t/iran,/t/iran-en-us,/t/iran-11,0
/t/iran,/t/iran-en-us,/t/iran-7,0
/t/iran,/t/iran-en-us,/t/iran-en-au,0
/t/iran,/t/iran-en-us,/t/iran-en-in,0
/t/iran,/t/iran-en-us,/t/iran-8,0
/t/iran,/t/iran-en-us,/t/iran-10,0
/t/disable-securly,/t/disable-securly-en-us,/t/disable-securly-en-us,106
/t/justice,/t/justice-en-us,/t/justice-en-us,106
/t/justice,/t/justice-en-us,/t/justice-11,14
/t/justice,/t/justice-en-us,/t/justice-en-au,7
/t/justice,/t/justice-en-us,/t/justice-7,0
/t/justice,/t/justice-en-us,/t/justice-en-ca,0
/t/justice,/t/justice-en-us,/t/justice-9,0
/t/disney-plus,/t/disney-plus-en-us,/t/disney-plus-en-us,106
/t/disney-plus,/t/disney-plus-en-us,/t/disney-plus-en-gb,5
/t/disney-plus,/t/disney-plus-en-us,/t/disney-plus-en-au,0
/t/disney-plus,/t/disney-plus-en-us,/t/disney-plus-en-ca,0
/t/dress-code,/t/dress-code-en-us,/t/dress-code-en-us,105
/t/dress-code,/t/dress-code-en-us,/t/dress-code-en-in,0
/t/dress-code,/t/dress-code-en-us,/t/dress-code-en-ca,0
/t/dress-code,/t/dress-code-en-us,/t/dress-code-en-au,0
/t/dress-code,/t/dress-code-en-us,/t/dress-code-en-gb,0
/t/ixl-sucks,/t/ixl-sucks-en-us,/t/ixl-sucks-en-us,105
/t/california,/t/california-en-us,/t/california-en-us,105
/t/california,/t/california-en-us,/t/california-en-au,0
/t/california,/t/california-en-us,/t/california-en-gb,0
/t/california,/t/california-en-us,/t/california-en-ca,0
/t/california,/t/california-en-us,/t/california-en-in,0
/t/cell-phones,/t/cell-phones,/t/cell-phones,105
/t/cell-phones,/t/cell-phones,/t/cell-phones-en-in,0
/t/cell-phones,/t/cell-phones,/t/cell-phones-en-au,0
/t/min-heejin,/t/min-heejin-en-us,/t/min-heejin-en-us,105
/t/min-heejin,/t/min-heejin-en-us,/t/min-heejin-en-in,0
/t/avenue-5,/t/avenue-5-en-us,/t/avenue-5-en-us,104
/t/vote-recount,/t/vote-recount-en-us,/t/vote-recount-en-us,104
/t/school-safety,/t/school-safety-en-us,/t/school-safety-en-us,103
/t/school-safety,/t/school-safety-en-us,/t/school-safety-en-au,0
/t/school-safety,/t/school-safety-en-us,/t/school-safety-en-ca,0
/t/school-safety,/t/school-safety-en-us,/t/school-safety-en-gb,0
/t/school-safety,/t/school-safety-en-us,/t/school-safety-en-in,0
/t/ukraine,/t/ukraine,/t/ukraine,103
/t/ukraine,/t/ukraine,/t/ukraine-en-ca,0
/t/ukraine,/t/ukraine,/t/ukraine-en-gb,0
/t/ukraine,/t/ukraine,/t/ukraine-2,0
/t/ukraine,/t/ukraine,/t/ukraine-en-au,0
/t/ukraine,/t/ukraine,/t/ukraine-en-in,0
/t/ukraine,/t/ukraine,/t/ukraine-3,0
/t/miraculous-ladybug,/t/miraculous-ladybug-en-us,/t/miraculous-ladybug-en-us,103
/t/miraculous-ladybug,/t/miraculous-ladybug-en-us,/t/miraculous-ladybug-en-au,0
/t/miraculous-ladybug,/t/miraculous-ladybug-en-us,/t/miraculous-ladybug-en-gb,0
/t/donald-trump-trial,/t/donald-trump-trial-en-us,/t/donald-trump-trial-en-us,102
/t/fleet-week,/t/fleet-week-en-us,/t/fleet-week-en-us,102
/t/trump,/t/trump-en-us,/t/trump-en-us,102
/t/trump,/t/trump-en-us,/t/trump-en-in,0
/t/trump,/t/trump-en-us,/t/trump-en-gb,0
/t/trump,/t/trump-en-us,/t/trump-en-au,0
/t/trump,/t/trump-en-us,/t/trump-en-ca,0
/t/global-social-justice-issues,/t/global-social-justice-issues-en-us,/t/global-social-justice-issues-en-us,102
/t/global-social-justice-issues,/t/global-social-justice-issues-en-us,/t/global-social-justice-issues-en-gb,5
/t/global-social-justice-issues,/t/global-social-justice-issues-en-us,/t/global-social-justice-issues-en-in,4
/t/global-social-justice-issues,/t/global-social-justice-issues-en-us,/t/global-social-justice-issues-en-ca,0
/t/global-social-justice-issues,/t/global-social-justice-issues-en-us,/t/global-social-justice-issues-en-au,0
/t/2024-president,/t/2024-president-en-us,/t/2024-president-en-us,101
/t/nombre-es,/t/nombre-es-419,/t/nombre-es-419,101
/t/crime-prevention,/t/crime-prevention-en-us,/t/crime-prevention-en-us,100
/t/crime-prevention,/t/crime-prevention-en-us,/t/crime-prevention-en-ca,0
/t/crime-prevention,/t/crime-prevention-en-us,/t/crime-prevention-en-gb,0
/t/crime-prevention,/t/crime-prevention-en-us,/t/crime-prevention-en-in,0
/t/crime-prevention,/t/crime-prevention-en-us,/t/crime-prevention-en-au,0
/t/call-of-duty,/t/call-of-duty-en-us,/t/call-of-duty-en-us,100
/t/call-of-duty,/t/call-of-duty-en-us,/t/call-of-duty-en-gb,4
/t/call-of-duty,/t/call-of-duty-en-us,/t/call-of-duty-en-ca,0
/t/call-of-duty,/t/call-of-duty-en-us,/t/call-of-duty-en-au,0
/t/call-of-duty,/t/call-of-duty-en-us,/t/call-of-duty-en-in,0
/t/wrongful-conviction-in-il,/t/wrongful-conviction-in-il-en-us,/t/wrongful-conviction-in-il-en-us,100
/t/cps-corruption-in-missouri,/t/cps-corruption-in-missouri-en-us,/t/cps-corruption-in-missouri-en-us,100
/t/scammers,/t/scammers-en-us,/t/scammers-en-us,99
/t/scammers,/t/scammers-en-us,/t/scammers-en-au,0
/t/scammers,/t/scammers-en-us,/t/scammers-en-gb,0
/t/scammers,/t/scammers-en-us,/t/scammers-en-ca,0
/t/cancel-school,/t/cancel-school-en-us,/t/cancel-school-en-us,99
/t/cancel-school,/t/cancel-school-en-us,/t/cancel-school-en-ca,0
/t/school-shootings,/t/school-shootings-en-us,/t/school-shootings-en-us,98
/t/school-shootings,/t/school-shootings-en-us,/t/school-shootings-en-gb,0
/t/school-shootings,/t/school-shootings-en-us,/t/school-shootings-en-au,0
/t/recall-politician,/t/recall-politician-en-us,/t/recall-politician-en-us,97
/t/mail-in-ballots,/t/mail-in-ballots-en-us,/t/mail-in-ballots-en-us,97
/t/onision,/t/onision-en-us,/t/onision-en-us,97
/t/onision,/t/onision-en-us,/t/onision-en-gb,3
/t/onision,/t/onision-en-us,/t/onision-en-ca,0
/t/onision,/t/onision-en-us,/t/onision-en-au,0
/t/youtube-ads,/t/youtube-ads-en-us,/t/youtube-ads-en-us,97
/t/youtube-ads,/t/youtube-ads-en-us,/t/youtube-ads-en-au,0
/t/sesame-street,/t/sesame-street-en-us,/t/sesame-street-en-us,97
/t/sesame-street,/t/sesame-street-en-us,/t/sesame-street-en-ca,0
/t/gaza,/t/gaza-en-us,/t/gaza-en-us,97
/t/gaza,/t/gaza-en-us,/t/gaza-en-gb,4
/t/gaza,/t/gaza-en-us,/t/gaza-en-au,0
/t/gaza,/t/gaza-en-us,/t/gaza-en-ca,0
/t/gaza,/t/gaza-en-us,/t/gaza-3,0
/t/gaza,/t/gaza-en-us,/t/gaza,0
/t/gaza,/t/gaza-en-us,/t/gaza-en-in,0